"날짜","종가","시가","고가","저가","거래량","변동 %"
"2025- 03- 27","18.69","18.36","19.28","17.95","","1.96%"
"2025- 03- 26","18.33","17.23","19.07","16.97","","6.88%"
"2025- 03- 25","17.15","17.58","17.77","17.02","","-1.89%"
"2025- 03- 24","17.48","19.13","19.14","17.46","","-9.34%"
"2025- 03- 21","19.28","20.02","21.14","19.15","","-2.63%"
"2025- 03- 20","19.80","19.52","21.17","19.30","","-0.50%"
"2025- 03- 19","19.90","21.84","22.10","19.42","","-8.29%"
"2025- 03- 18","21.70","20.83","22.57","20.41","","5.80%"
"2025- 03- 17","20.51","22.89","22.95","20.32","","-5.79%"
"2025- 03- 14","21.77","24.35","24.36","21.48","","-11.72%"
"2025- 03- 13","24.66","24.92","26.13","23.46","","1.77%"
"2025- 03- 12","24.23","26.88","26.91","23.89","","-9.99%"
"2025- 03- 11","26.92","27.94","29.57","26.18","","-3.37%"
"2025- 03- 10","27.86","24.70","29.56","24.68","","19.21%"
"2025- 03- 07","23.37","24.85","26.56","23.09","","-6.03%"
"2025- 03- 06","24.87","22.60","25.92","22.39","","13.41%"
"2025- 03- 05","21.93","23.03","24.84","21.37","","-6.72%"
"2025- 03- 04","23.51","22.96","26.35","21.71","","3.20%"
"2025- 03- 03","22.78","19.83","24.31","19.25","","16.05%"
"2025- 02- 28","19.63","21.21","22.40","19.05","","-7.10%"
"2025- 02- 27","21.13","18.25","21.47","17.67","","10.63%"
"2025- 02- 26","19.10","18.96","20.06","17.83","","-1.70%"
"2025- 02- 25","19.43","19.09","21.48","18.85","","2.37%"
"2025- 02- 24","18.98","18.08","20.24","17.31","","4.23%"
"2025- 02- 21","18.21","15.63","19.03","15.28","","16.28%"
"2025- 02- 20","15.66","15.61","16.63","15.12","","2.55%"
"2025- 02- 19","15.27","15.14","15.96","15.05","","-0.52%"
"2025- 02- 18","15.35","15.57","16.03","15.35","","-0.13%"
"2025- 02- 17","15.37","15.38","15.57","15.34","","4.06%"
"2025- 02- 14","14.77","15.08","15.42","14.74","","-2.19%"
"2025- 02- 13","15.10","15.97","16.33","14.98","","-4.97%"
"2025- 02- 12","15.89","15.91","17.18","15.64","","-0.81%"
"2025- 02- 11","16.02","16.13","16.42","15.75","","1.33%"
"2025- 02- 10","15.81","16.58","16.61","15.70","","-4.41%"
"2025- 02- 07","16.54","15.38","16.66","14.79","","6.71%"
"2025- 02- 06","15.50","15.88","16.15","14.99","","-1.71%"
"2025- 02- 05","15.77","17.54","17.75","15.77","","-8.37%"
"2025- 02- 04","17.21","18.78","19.11","16.78","","-7.57%"
"2025- 02- 03","18.62","20.36","20.42","17.66","","13.33%"
"2025- 01- 31","16.43","15.45","17.09","14.90","","3.72%"
"2025- 01- 30","15.84","15.93","16.42","15.32","","-4.35%"
"2025- 01- 29","16.56","16.42","18.08","16.17","","0.91%"
"2025- 01- 28","16.41","18.29","18.39","16.25","","-8.32%"
"2025- 01- 27","17.90","18.83","22.51","17.57","","20.54%"
"2025- 01- 24","14.85","15.02","15.16","14.58","","-1.13%"
"2025- 01- 23","15.02","15.28","15.39","14.59","","-0.53%"
"2025- 01- 22","15.10","14.89","15.29","14.59","","0.27%"
"2025- 01- 21","15.06","16.29","16.29","14.93","","-4.74%"
"2025- 01- 20","15.81","16.46","16.59","15.80","","-1.00%"
"2025- 01- 17","15.97","16.19","16.23","15.53","","-3.80%"
"2025- 01- 16","16.60","15.87","16.60","15.64","","2.98%"
"2025- 01- 15","16.12","19.08","19.14","15.96","","-13.84%"
"2025- 01- 14","18.71","18.79","19.66","18.24","","-2.50%"
"2025- 01- 13","19.19","21.18","22.04","19.15","","-1.79%"
"2025- 01- 10","19.54","18.29","20.31","18.05","","8.14%"
"2025- 01- 09","18.07","18.51","18.52","17.95","","2.09%"
"2025- 01- 08","17.70","17.91","19.50","17.37","","-0.67%"
"2025- 01- 07","17.82","16.48","18.90","15.79","","11.10%"
"2025- 01- 06","16.04","16.77","16.87","15.71","","-0.56%"
"2025- 01- 03","16.13","17.66","17.94","16.11","","-10.04%"
"2025- 01- 02","17.93","17.21","19.50","16.96","","3.34%"
"2024- 12- 31","17.35","17.39","17.81","16.68","","-0.29%"
"2024- 12- 30","17.40","17.21","19.22","16.44","","9.09%"
"2024- 12- 27","15.95","15.38","18.45","15.29","","8.28%"
"2024- 12- 26","14.73","14.99","15.93","14.55","","3.22%"
"2024- 12- 24","14.27","16.97","17.04","14.27","","-14.96%"
"2024- 12- 23","16.78","18.09","20.02","16.74","","-8.61%"
"2024- 12- 20","18.36","24.14","26.51","17.82","","-23.79%"
"2024- 12- 19","24.09","21.61","24.12","20.16","","-12.78%"
"2024- 12- 18","27.62","15.57","28.32","14.82","","74.04%"
"2024- 12- 17","15.87","14.98","15.94","14.78","","8.03%"
"2024- 12- 16","14.69","14.37","14.69","13.99","","6.37%"
"2024- 12- 13","13.81","13.57","14.25","13.24","","-0.79%"
"2024- 12- 12","13.92","13.73","13.95","13.39","","2.50%"
"2024- 12- 11","13.58","14.42","14.43","13.52","","-4.23%"
"2024- 12- 10","14.18","14.30","14.54","13.86","","-0.07%"
"2024- 12- 09","14.19","13.36","14.23","13.35","","11.12%"
"2024- 12- 06","12.77","13.62","13.74","12.70","","-5.69%"
"2024- 12- 05","13.54","13.46","13.70","13.26","","0.67%"
"2024- 12- 04","13.45","13.16","13.61","12.89","","1.13%"
"2024- 12- 03","13.30","13.38","13.77","13.19","","-0.30%"
"2024- 12- 02","13.34","14.08","14.10","13.30","","-1.26%"
"2024- 11- 29","13.51","14.00","14.15","13.49","","-2.81%"
"2024- 11- 28","13.90","14.07","14.07","13.87","","-1.42%"
"2024- 11- 27","14.10","14.28","15.13","13.96","","0.00%"
"2024- 11- 26","14.10","14.95","15.03","13.88","","-3.42%"
"2024- 11- 25","14.60","15.23","15.72","14.54","","-4.20%"
"2024- 11- 22","15.24","16.67","17.56","15.24","","-9.66%"
"2024- 11- 21","16.87","17.10","17.99","15.73","","-1.69%"
"2024- 11- 20","17.16","16.19","18.79","16.04","","4.95%"
"2024- 11- 19","16.35","15.44","17.93","15.37","","4.94%"
"2024- 11- 18","15.58","16.60","17.00","15.35","","-3.47%"
"2024- 11- 15","16.14","15.02","17.55","14.56","","12.79%"
"2024- 11- 14","14.31","14.17","14.32","13.59","","2.07%"
"2024- 11- 13","14.02","15.09","15.26","13.77","","-4.69%"
"2024- 11- 12","14.71","15.09","15.37","14.69","","-1.74%"
"2024- 11- 11","14.97","15.33","15.56","14.89","","0.20%"
"2024- 11- 08","14.94","15.13","15.33","14.66","","-1.71%"
"2024- 11- 07","15.20","15.86","15.86","15.13","","-6.58%"
"2024- 11- 06","16.27","16.06","16.82","15.44","","-20.60%"
"2024- 11- 05","20.49","21.98","22.06","20.20","","-6.78%"
"2024- 11- 04","21.98","22.50","23.07","21.73","","0.46%"
"2024- 11- 01","21.88","22.96","23.09","21.16","","-5.53%"
"2024- 10- 31","23.16","21.44","23.42","21.12","","13.81%"
"2024- 10- 30","20.35","19.33","20.44","19.30","","5.22%"
"2024- 10- 29","19.34","19.75","20.53","19.06","","-2.32%"
"2024- 10- 28","19.80","19.11","19.88","18.91","","-2.61%"
"2024- 10- 25","20.33","19.22","20.51","18.23","","6.55%"
"2024- 10- 24","19.08","18.87","20.24","18.63","","-0.83%"
"2024- 10- 23","19.24","18.21","20.47","18.18","","5.71%"
"2024- 10- 22","18.20","18.79","19.44","18.05","","-0.93%"
"2024- 10- 21","18.37","18.78","19.34","18.36","","1.89%"
"2024- 10- 18","18.03","19.30","19.32","17.99","","-5.65%"
"2024- 10- 17","19.11","19.55","19.65","18.88","","-2.40%"
"2024- 10- 16","19.58","20.77","21.01","19.45","","-5.14%"
"2024- 10- 15","20.64","19.61","20.89","19.44","","4.77%"
"2024- 10- 14","19.70","20.86","20.86","19.69","","-3.71%"
"2024- 10- 11","20.46","20.87","21.16","20.14","","-2.25%"
"2024- 10- 10","20.93","20.91","21.39","20.64","","0.34%"
"2024- 10- 09","20.86","21.98","22.01","20.71","","-2.61%"
"2024- 10- 08","21.42","22.92","23.14","21.14","","-5.39%"
"2024- 10- 07","22.64","20.76","23.03","20.65","","17.86%"
"2024- 10- 04","19.21","20.48","20.48","18.48","","-6.25%"
"2024- 10- 03","20.49","19.63","20.75","19.16","","8.41%"
"2024- 10- 02","18.90","19.65","20.36","18.58","","-1.87%"
"2024- 10- 01","19.26","16.96","20.73","16.61","","15.12%"
"2024- 09- 30","16.73","17.01","17.79","16.47","","-1.36%"
"2024- 09- 27","16.96","15.64","16.97","15.20","","10.34%"
"2024- 09- 26","15.37","15.06","15.83","14.90","","-0.26%"
"2024- 09- 25","15.41","15.82","15.82","15.17","","0.13%"
"2024- 09- 24","15.39","15.87","16.67","15.27","","-3.15%"
"2024- 09- 23","15.89","16.71","16.95","15.75","","-1.61%"
"2024- 09- 20","16.15","16.35","16.68","15.81","","-1.10%"
"2024- 09- 19","16.33","17.21","17.27","16.21","","-10.42%"
"2024- 09- 18","18.23","17.58","19.39","17.11","","3.52%"
"2024- 09- 17","17.61","17.16","18.08","16.67","","2.74%"
"2024- 09- 16","17.14","17.16","17.69","16.91","","3.50%"
"2024- 09- 13","16.56","17.03","17.18","16.23","","-2.99%"
"2024- 09- 12","17.07","17.62","18.59","16.89","","-3.50%"
"2024- 09- 11","17.69","19.41","21.41","17.55","","-7.29%"
"2024- 09- 10","19.08","19.86","20.74","18.90","","-1.90%"
"2024- 09- 09","19.45","21.32","21.41","19.29","","-13.09%"
"2024- 09- 06","22.38","21.98","23.76","18.83","","12.46%"
"2024- 09- 05","19.90","20.75","21.53","19.21","","-6.66%"
"2024- 09- 04","21.32","23.20","23.31","19.34","","2.90%"
"2024- 09- 03","20.72","15.76","21.99","15.71","","33.25%"
"2024- 09- 02","15.55","15.87","15.99","15.48","","3.67%"
"2024- 08- 30","15.00","15.67","16.04","14.78","","-4.15%"
"2024- 08- 29","15.65","16.54","16.57","15.19","","-8.53%"
"2024- 08- 28","17.11","15.51","17.89","15.46","","10.89%"
"2024- 08- 27","15.43","16.21","16.81","15.37","","-4.46%"
"2024- 08- 26","16.15","16.27","16.67","15.81","","1.83%"
"2024- 08- 23","15.86","17.12","17.21","15.61","","-9.63%"
"2024- 08- 22","17.55","16.27","18.06","15.76","","7.87%"
"2024- 08- 21","16.27","16.25","17.17","15.92","","2.46%"
"2024- 08- 20","15.88","14.89","15.93","14.78","","8.40%"
"2024- 08- 19","14.65","15.94","16.07","14.46","","-1.01%"
"2024- 08- 16","14.80","15.29","15.76","14.65","","-2.82%"
"2024- 08- 15","15.23","16.27","16.68","14.77","","-5.93%"
"2024- 08- 14","16.19","18.41","18.49","16.12","","-10.65%"
"2024- 08- 13","18.12","20.06","20.79","17.95","","-12.51%"
"2024- 08- 12","20.71","20.79","21.19","18.89","","1.67%"
"2024- 08- 09","20.37","23.78","24.52","20.26","","-14.38%"
"2024- 08- 08","23.79","28.34","29.47","23.36","","-14.58%"
"2024- 08- 07","27.85","24.77","29.76","21.97","","0.51%"
"2024- 08- 06","27.71","33.71","34.77","24.02","","-28.16%"
"2024- 08- 05","38.57","23.39","65.73","23.39","","64.90%"
"2024- 08- 02","23.39","20.52","29.66","20.01","","25.82%"
"2024- 08- 01","18.59","16.20","19.48","15.95","","13.63%"
"2024- 07- 31","16.36","16.66","16.77","15.71","","-7.52%"
"2024- 07- 30","17.69","16.64","18.32","16.26","","6.57%"
"2024- 07- 29","16.60","16.59","17.21","16.23","","1.28%"
"2024- 07- 26","16.39","17.97","18.05","16.37","","-11.21%"
"2024- 07- 25","18.46","18.41","19.36","16.42","","2.33%"
"2024- 07- 24","18.04","15.35","18.46","15.18","","22.55%"
"2024- 07- 23","14.72","15.21","15.35","13.90","","-1.27%"
"2024- 07- 22","14.91","16.79","16.89","14.75","","-9.75%"
"2024- 07- 19","16.52","16.44","17.19","10.62","","3.70%"
"2024- 07- 18","15.93","14.27","16.43","14.08","","10.01%"
"2024- 07- 17","14.48","13.60","14.88","13.54","","9.78%"
"2024- 07- 16","13.19","13.38","13.47","12.95","","0.53%"
"2024- 07- 15","13.12","12.78","13.26","12.75","","5.30%"
"2024- 07- 12","12.46","12.87","12.89","12.11","","-3.56%"
"2024- 07- 11","12.92","12.88","13.33","12.23","","0.54%"
"2024- 07- 10","12.85","12.51","12.92","12.39","","2.72%"
"2024- 07- 09","12.51","12.48","12.61","12.35","","1.13%"
"2024- 07- 08","12.37","12.91","12.91","12.31","","-0.88%"
"2024- 07- 05","12.48","12.37","12.61","11.84","","1.79%"
"2024- 07- 04","12.26","12.10","12.35","12.09","","1.41%"
"2024- 07- 03","12.09","12.13","12.23","11.95","","0.50%"
"2024- 07- 02","12.03","12.67","12.88","11.85","","-1.55%"
"2024- 07- 01","12.22","12.98","13.26","12.10","","-1.77%"
"2024- 06- 28","12.44","12.24","12.76","11.87","","1.63%"
"2024- 06- 27","12.24","12.69","12.77","12.21","","-2.47%"
"2024- 06- 26","12.55","12.81","13.24","12.37","","-2.26%"
"2024- 06- 25","12.84","13.48","13.52","12.84","","-3.68%"
"2024- 06- 24","13.33","13.85","13.88","13.15","","0.98%"
"2024- 06- 21","13.20","13.22","13.78","12.99","","-0.60%"
"2024- 06- 20","13.28","12.50","13.55","12.18","","6.41%"
"2024- 06- 19","12.48","12.32","12.55","12.32","","1.46%"
"2024- 06- 18","12.30","12.70","12.74","12.24","","-3.53%"
"2024- 06- 17","12.75","13.07","13.29","12.50","","0.71%"
"2024- 06- 14","12.66","12.22","13.45","12.12","","6.03%"
"2024- 06- 13","11.94","12.05","12.68","11.88","","-0.83%"
"2024- 06- 12","12.04","13.10","13.15","11.94","","-6.30%"
"2024- 06- 11","12.85","12.85","13.47","12.78","","0.86%"
"2024- 06- 10","12.74","13.09","13.28","12.62","","4.26%"
"2024- 06- 07","12.22","12.69","13.08","12.11","","-2.86%"
"2024- 06- 06","12.58","12.75","12.98","12.54","","-0.40%"
"2024- 06- 05","12.63","13.14","13.25","12.60","","-4.03%"
"2024- 06- 04","13.16","13.51","14.08","13.11","","0.38%"
"2024- 06- 03","13.11","13.08","14.31","13.00","","1.47%"
"2024- 05- 31","12.92","14.50","14.87","12.84","","-10.71%"
"2024- 05- 30","14.47","14.82","14.88","13.67","","1.33%"
"2024- 05- 29","14.28","13.75","14.32","13.69","","10.53%"
"2024- 05- 28","12.92","12.51","13.44","12.36","","4.53%"
"2024- 05- 27","12.36","12.41","12.49","12.35","","3.60%"
"2024- 05- 24","11.93","12.86","12.89","11.89","","-6.58%"
"2024- 05- 23","12.77","11.53","13.37","11.52","","3.91%"
"2024- 05- 22","12.29","12.05","12.81","11.78","","3.63%"
"2024- 05- 21","11.86","12.30","12.56","11.84","","-2.39%"
"2024- 05- 20","12.15","12.27","12.59","12.07","","1.33%"
"2024- 05- 17","11.99","12.28","12.48","11.91","","-3.46%"
"2024- 05- 16","12.42","12.52","12.67","12.33","","-0.24%"
"2024- 05- 15","12.45","13.73","13.94","12.38","","-7.23%"
"2024- 05- 14","13.42","13.71","14.03","13.27","","-1.32%"
"2024- 05- 13","13.60","13.26","13.66","13.25","","8.37%"
"2024- 05- 10","12.55","12.77","12.96","12.50","","-1.10%"
"2024- 05- 09","12.69","13.08","13.29","12.68","","-2.38%"
"2024- 05- 08","13.00","13.24","13.51","12.94","","-1.74%"
"2024- 05- 07","13.23","13.52","13.64","13.16","","-1.93%"
"2024- 05- 06","13.49","13.98","14.02","13.44","","0.00%"
"2024- 05- 03","13.49","14.51","14.58","13.48","","-8.11%"
"2024- 05- 02","14.68","15.14","16.09","14.60","","-4.61%"
"2024- 05- 01","15.39","15.75","16.22","14.35","","-1.66%"
"2024- 04- 30","15.65","14.82","15.90","14.67","","6.68%"
"2024- 04- 29","14.67","15.37","15.42","14.63","","-2.40%"
"2024- 04- 26","15.03","15.49","16.06","14.92","","-2.21%"
"2024- 04- 25","15.37","16.25","17.55","15.27","","-3.76%"
"2024- 04- 24","15.97","15.76","16.38","15.58","","1.78%"
"2024- 04- 23","15.69","16.72","16.76","15.69","","-7.38%"
"2024- 04- 22","16.94","18.59","18.72","16.69","","-9.46%"
"2024- 04- 19","18.71","21.33","21.36","18.17","","3.94%"
"2024- 04- 18","18.00","17.91","18.37","17.21","","-1.15%"
"2024- 04- 17","18.21","18.24","19.11","17.54","","-1.03%"
"2024- 04- 16","18.40","19.49","19.56","17.64","","-4.32%"
"2024- 04- 15","19.23","16.94","19.46","16.26","","11.09%"
"2024- 04- 12","17.31","14.91","19.20","14.91","","16.10%"
"2024- 04- 11","14.91","16.02","17.61","14.91","","-5.63%"
"2024- 04- 10","15.80","15.24","16.62","14.59","","5.47%"
"2024- 04- 09","14.98","15.34","16.63","14.94","","-1.38%"
"2024- 04- 08","15.19","16.24","16.50","15.11","","-5.24%"
"2024- 04- 05","16.03","16.45","16.75","15.53","","-1.96%"
"2024- 04- 04","16.35","14.29","16.92","13.74","","14.10%"
"2024- 04- 03","14.33","15.00","15.18","14.25","","-1.92%"
"2024- 04- 02","14.61","13.74","15.43","13.68","","7.03%"
"2024- 04- 01","13.65","13.61","14.15","13.55","","4.92%"
"2024- 03- 29","13.01","13.01","13.01","13.01","","0.00%"
"2024- 03- 28","13.01","12.93","13.10","12.84","","1.80%"
"2024- 03- 27","12.78","13.13","13.34","12.66","","-3.47%"
"2024- 03- 26","13.24","13.12","13.43","12.84","","0.38%"
"2024- 03- 25","13.19","13.67","13.67","13.11","","1.00%"
"2024- 03- 22","13.06","12.92","13.15","12.58","","1.08%"
"2024- 03- 21","12.92","12.98","13.08","12.40","","-0.92%"
"2024- 03- 20","13.04","13.83","14.17","13.01","","-5.64%"
"2024- 03- 19","13.82","14.50","14.86","13.80","","-3.56%"
"2024- 03- 18","14.33","14.75","14.85","14.26","","-0.56%"
"2024- 03- 15","14.41","14.33","15.53","14.14","","0.07%"
"2024- 03- 14","14.40","13.62","15.33","13.42","","4.73%"
"2024- 03- 13","13.75","13.89","14.04","13.67","","-0.65%"
"2024- 03- 12","13.84","14.97","15.20","13.81","","-9.07%"
"2024- 03- 11","15.22","15.51","16.04","15.13","","3.26%"
"2024- 03- 08","14.74","14.22","15.53","13.97","","2.08%"
"2024- 03- 07","14.44","14.98","14.98","14.25","","-0.41%"
"2024- 03- 06","14.50","14.27","14.93","13.89","","0.28%"
"2024- 03- 05","14.46","13.75","15.10","13.75","","7.19%"
"2024- 03- 04","13.49","13.49","13.58","13.32","","2.90%"
"2024- 03- 01","13.11","13.34","13.66","13.08","","-2.16%"
"2024- 02- 29","13.40","14.14","14.15","13.30","","-3.18%"
"2024- 02- 28","13.84","13.52","13.90","13.44","","3.05%"
"2024- 02- 27","13.43","13.63","13.75","13.41","","-2.26%"
"2024- 02- 26","13.74","14.17","14.20","13.66","","-0.07%"
"2024- 02- 23","13.75","14.31","14.31","13.64","","-5.43%"
"2024- 02- 22","14.54","14.28","14.64","14.12","","-5.22%"
"2024- 02- 21","15.34","15.54","16.12","15.22","","-0.52%"
"2024- 02- 20","15.42","15.09","15.91","15.07","","4.83%"
"2024- 02- 19","14.71","14.72","14.78","14.65","","3.30%"
"2024- 02- 16","14.24","13.94","14.71","13.75","","1.64%"
"2024- 02- 15","14.01","14.27","14.64","13.94","","-2.57%"
"2024- 02- 14","14.38","15.38","15.47","14.22","","-9.27%"
"2024- 02- 13","15.85","13.96","17.94","13.43","","13.78%"
"2024- 02- 12","13.93","13.48","13.94","13.34","","7.73%"
"2024- 02- 09","12.93","12.79","13.01","12.69","","1.09%"
"2024- 02- 08","12.79","12.95","13.17","12.74","","-0.31%"
"2024- 02- 07","12.83","13.06","13.13","12.81","","-1.76%"
"2024- 02- 06","13.06","13.57","13.78","12.98","","-4.46%"
"2024- 02- 05","13.67","14.37","14.53","13.58","","-1.30%"
"2024- 02- 02","13.85","13.95","14.23","13.39","","-0.22%"
"2024- 02- 01","13.88","14.21","14.63","13.87","","-3.28%"
"2024- 01- 31","14.35","13.42","14.61","13.18","","7.81%"
"2024- 01- 30","13.31","13.69","13.74","13.23","","-2.13%"
"2024- 01- 29","13.60","13.98","15.35","13.59","","2.56%"
"2024- 01- 26","13.26","13.73","14.10","13.20","","-1.41%"
"2024- 01- 25","13.45","13.18","13.58","13.06","","2.36%"
"2024- 01- 24","13.14","12.66","13.18","12.41","","4.70%"
"2024- 01- 23","12.55","13.20","13.29","12.53","","-4.85%"
"2024- 01- 22","13.19","13.77","13.84","13.17","","-0.83%"
"2024- 01- 19","13.30","13.80","14.58","13.28","","-5.87%"
"2024- 01- 18","14.13","14.85","14.89","13.89","","-4.46%"
"2024- 01- 17","14.79","14.59","15.40","14.38","","6.86%"
"2024- 01- 16","13.84","14.12","14.35","13.52","","4.45%"
"2024- 01- 15","13.25","13.23","13.34","13.20","","4.33%"
"2024- 01- 12","12.70","12.66","13.08","12.47","","2.09%"
"2024- 01- 11","12.44","12.64","13.31","12.35","","-1.97%"
"2024- 01- 10","12.69","12.86","12.95","12.67","","-0.55%"
"2024- 01- 09","12.76","13.20","13.45","12.74","","-2.45%"
"2024- 01- 08","13.08","14.00","14.18","13.02","","-2.02%"
"2024- 01- 05","13.35","14.24","14.58","13.29","","-5.52%"
"2024- 01- 04","14.13","13.93","14.20","13.64","","0.64%"
"2024- 01- 03","14.04","13.35","14.22","13.33","","6.36%"
"2024- 01- 02","13.20","13.22","14.23","13.10","","6.02%"
"2023- 12- 29","12.45","12.55","13.19","12.36","","-0.16%"
"2023- 12- 28","12.47","12.44","12.65","12.38","","0.32%"
"2023- 12- 27","12.43","13.02","13.04","12.37","","-4.31%"
"2023- 12- 26","12.99","13.77","13.80","12.96","","-0.31%"
"2023- 12- 25","13.03","13.03","13.03","13.03","","0.00%"
"2023- 12- 22","13.03","13.72","13.96","13.00","","-4.54%"
"2023- 12- 21","13.65","13.40","14.49","13.34","","-0.15%"
"2023- 12- 20","13.67","12.63","13.93","12.29","","9.10%"
"2023- 12- 19","12.53","12.60","12.60","12.33","","-0.24%"
"2023- 12- 18","12.56","12.62","12.64","12.40","","2.28%"
"2023- 12- 15","12.28","12.12","12.54","12.01","","-1.60%"
"2023- 12- 14","12.48","11.96","12.74","11.84","","2.38%"
"2023- 12- 13","12.19","12.20","12.46","11.82","","0.99%"
"2023- 12- 12","12.07","12.69","12.74","11.81","","-4.43%"
"2023- 12- 11","12.63","13.05","13.14","12.61","","2.27%"
"2023- 12- 08","12.35","13.14","13.24","12.35","","-5.44%"
"2023- 12- 07","13.06","13.17","13.28","12.95","","0.69%"
"2023- 12- 06","12.97","12.78","13.03","12.64","","0.93%"
"2023- 12- 05","12.85","13.26","13.76","12.81","","-1.76%"
"2023- 12- 04","13.08","13.28","13.70","12.98","","3.56%"
"2023- 12- 01","12.63","12.94","12.96","12.48","","-2.24%"
"2023- 11- 30","12.92","13.07","13.39","12.82","","-0.46%"
"2023- 11- 29","12.98","12.71","13.10","12.48","","2.29%"
"2023- 11- 28","12.69","12.78","14.30","12.56","","0.00%"
"2023- 11- 27","12.69","13.14","13.28","12.64","","1.85%"
"2023- 11- 24","12.46","13.03","13.17","12.45","","-2.66%"
"2023- 11- 23","12.80","12.84","12.87","12.75","","-0.39%"
"2023- 11- 22","12.85","13.08","13.25","12.82","","-3.75%"
"2023- 11- 21","13.35","13.45","14.31","13.13","","-0.45%"
"2023- 11- 20","13.41","14.26","14.31","13.39","","-2.83%"
"2023- 11- 17","13.80","14.18","14.19","13.67","","-3.63%"
"2023- 11- 16","14.32","14.12","14.42","13.68","","0.99%"
"2023- 11- 15","14.18","14.21","14.35","13.97","","0.14%"
"2023- 11- 14","14.16","14.83","14.86","13.91","","-4.07%"
"2023- 11- 13","14.76","15.16","15.19","14.58","","4.16%"
"2023- 11- 10","14.17","15.09","15.45","14.16","","-7.33%"
"2023- 11- 09","15.29","14.61","15.57","14.13","","5.81%"
"2023- 11- 08","14.45","14.91","15.09","14.30","","-2.43%"
"2023- 11- 07","14.81","15.10","15.17","14.71","","-0.54%"
"2023- 11- 06","14.89","15.39","15.58","14.84","","-0.13%"
"2023- 11- 03","14.91","15.70","15.83","14.91","","-4.79%"
"2023- 11- 02","15.66","16.59","16.62","15.58","","-7.17%"
"2023- 11- 01","16.87","18.02","18.42","16.63","","-7.00%"
"2023- 10- 31","18.14","19.86","19.86","17.97","","-8.15%"
"2023- 10- 30","19.75","21.13","21.16","19.55","","-7.15%"
"2023- 10- 27","21.27","20.39","22.07","19.72","","2.85%"
"2023- 10- 26","20.68","21.78","21.96","20.22","","2.43%"
"2023- 10- 25","20.19","19.39","21.24","18.86","","6.43%"
"2023- 10- 24","18.97","20.03","20.24","18.65","","-6.87%"
"2023- 10- 23","20.37","21.83","23.08","19.48","","-6.17%"
"2023- 10- 20","21.71","21.59","21.83","20.42","","1.45%"
"2023- 10- 19","21.40","19.73","21.40","18.55","","11.34%"
"2023- 10- 18","19.22","18.36","20.15","17.88","","7.49%"
"2023- 10- 17","17.88","17.41","18.54","16.97","","3.89%"
"2023- 10- 16","17.21","19.10","19.57","17.14","","-10.92%"
"2023- 10- 13","19.32","16.53","20.78","16.50","","15.76%"
"2023- 10- 12","16.69","16.08","18.08","15.44","","3.73%"
"2023- 10- 11","16.09","16.95","17.78","16.09","","-5.52%"
"2023- 10- 10","17.03","17.70","17.86","16.51","","-3.79%"
"2023- 10- 09","17.70","19.54","19.60","17.56","","1.43%"
"2023- 10- 06","17.45","18.73","19.93","17.19","","-5.62%"
"2023- 10- 05","18.49","18.67","19.58","18.26","","-0.48%"
"2023- 10- 04","18.58","20.72","20.88","18.30","","-6.07%"
"2023- 10- 03","19.78","17.81","20.48","17.52","","12.32%"
"2023- 10- 02","17.61","17.31","18.55","16.93","","0.51%"
"2023- 09- 29","17.52","16.87","17.74","15.83","","1.04%"
"2023- 09- 28","17.34","18.22","18.77","17.06","","-4.83%"
"2023- 09- 27","18.22","18.29","19.71","18.03","","-3.80%"
"2023- 09- 26","18.94","18.03","19.50","17.17","","12.07%"
"2023- 09- 25","16.90","17.25","18.41","16.79","","-1.74%"
"2023- 09- 22","17.20","17.31","17.41","15.93","","-1.94%"
"2023- 09- 21","17.54","15.49","17.54","15.10","","15.85%"
"2023- 09- 20","15.14","14.18","15.15","13.57","","7.30%"
"2023- 09- 19","14.11","14.11","14.88","13.86","","0.79%"
"2023- 09- 18","14.00","14.40","14.75","13.86","","1.52%"
"2023- 09- 15","13.79","12.70","14.17","12.68","","7.57%"
"2023- 09- 14","12.82","13.39","13.46","12.79","","-4.90%"
"2023- 09- 13","13.48","14.42","14.68","13.41","","-5.27%"
"2023- 09- 12","14.23","14.02","14.42","13.71","","3.12%"
"2023- 09- 11","13.80","14.17","14.33","13.74","","-0.29%"
"2023- 09- 08","13.84","14.22","14.87","13.58","","-3.89%"
"2023- 09- 07","14.40","14.81","15.69","14.40","","-0.35%"
"2023- 09- 06","14.45","14.27","15.30","14.13","","3.14%"
"2023- 09- 05","14.01","14.15","14.47","13.70","","1.37%"
"2023- 09- 04","13.82","13.62","13.82","13.51","","5.58%"
"2023- 09- 01","13.09","13.56","13.56","13.02","","-3.54%"
"2023- 08- 31","13.57","13.98","14.00","13.44","","-2.23%"
"2023- 08- 30","13.88","14.53","14.70","13.83","","-3.94%"
"2023- 08- 29","14.45","15.08","15.30","14.34","","-4.18%"
"2023- 08- 28","15.08","16.24","16.28","15.00","","-3.83%"
"2023- 08- 25","15.68","17.21","17.36","15.45","","-8.84%"
"2023- 08- 24","17.20","15.57","17.32","15.48","","7.63%"
"2023- 08- 23","15.98","16.64","17.10","15.91","","-5.83%"
"2023- 08- 22","16.97","16.96","17.58","16.61","","-0.93%"
"2023- 08- 21","17.13","18.03","18.11","16.88","","-0.98%"
"2023- 08- 18","17.30","17.80","18.88","17.14","","-3.30%"
"2023- 08- 17","17.89","16.96","18.13","16.40","","6.62%"
"2023- 08- 16","16.78","16.54","16.93","15.80","","1.94%"
"2023- 08- 15","16.46","14.95","16.57","14.91","","11.07%"
"2023- 08- 14","14.82","15.88","16.06","14.77","","-0.13%"
"2023- 08- 11","14.84","15.53","16.51","14.84","","-6.37%"
"2023- 08- 10","15.85","15.58","16.86","14.60","","-0.69%"
"2023- 08- 09","15.96","15.81","16.87","15.38","","-0.19%"
"2023- 08- 08","15.99","16.28","18.14","15.96","","1.40%"
"2023- 08- 07","15.77","16.90","17.36","15.77","","-7.78%"
"2023- 08- 04","17.10","16.01","17.39","14.57","","7.41%"
"2023- 08- 03","15.92","16.77","17.42","15.72","","-1.06%"
"2023- 08- 02","16.09","15.70","16.48","14.95","","15.51%"
"2023- 08- 01","13.93","13.75","14.30","13.75","","2.20%"
"2023- 07- 31","13.63","13.98","14.09","13.57","","2.25%"
"2023- 07- 28","13.33","14.03","14.18","13.27","","-7.49%"
"2023- 07- 27","14.41","13.14","15.02","12.74","","9.25%"
"2023- 07- 26","13.19","13.86","14.16","13.15","","-4.83%"
"2023- 07- 25","13.86","14.02","14.09","13.82","","-0.36%"
"2023- 07- 24","13.91","14.29","14.30","13.73","","2.28%"
"2023- 07- 21","13.60","13.87","13.89","13.37","","-2.79%"
"2023- 07- 20","13.99","13.96","14.23","13.58","","1.67%"
"2023- 07- 19","13.76","13.32","13.84","13.12","","3.46%"
"2023- 07- 18","13.30","13.61","13.67","13.29","","-1.34%"
"2023- 07- 17","13.48","13.78","14.00","13.43","","1.05%"
"2023- 07- 14","13.34","13.72","13.76","13.22","","-1.98%"
"2023- 07- 13","13.61","13.44","13.61","13.12","","0.52%"
"2023- 07- 12","13.54","14.82","14.82","13.51","","-8.76%"
"2023- 07- 11","14.84","15.02","15.25","14.63","","-1.53%"
"2023- 07- 10","15.07","16.08","16.21","15.04","","1.62%"
"2023- 07- 07","14.83","15.97","16.06","14.33","","-3.95%"
"2023- 07- 06","15.44","14.85","17.08","14.79","","8.89%"
"2023- 07- 05","14.18","14.19","14.74","14.05","","3.50%"
"2023- 07- 04","13.70","13.54","13.71","13.52","","0.96%"
"2023- 07- 03","13.57","13.85","13.85","13.47","","-0.15%"
"2023- 06- 30","13.59","13.51","13.59","12.96","","0.37%"
"2023- 06- 29","13.54","13.64","13.85","13.41","","0.82%"
"2023- 06- 28","13.43","13.90","13.96","13.36","","-2.26%"
"2023- 06- 27","13.74","14.11","14.34","13.59","","-3.58%"
"2023- 06- 26","14.25","14.43","14.71","13.78","","6.03%"
"2023- 06- 23","13.44","13.24","13.80","12.88","","4.11%"
"2023- 06- 22","12.91","13.88","13.98","12.73","","-2.20%"
"2023- 06- 21","13.20","13.88","13.89","13.10","","-4.90%"
"2023- 06- 20","13.88","14.36","14.67","13.86","","-2.18%"
"2023- 06- 19","14.19","14.09","14.19","14.01","","4.80%"
"2023- 06- 16","13.54","14.49","14.54","13.48","","-6.62%"
"2023- 06- 15","14.50","14.09","14.52","13.79","","4.47%"
"2023- 06- 14","13.88","14.48","14.73","13.83","","-5.00%"
"2023- 06- 13","14.61","14.99","15.06","14.47","","-2.66%"
"2023- 06- 12","15.01","14.44","15.02","14.32","","8.53%"
"2023- 06- 09","13.83","13.78","14.14","13.50","","1.32%"
"2023- 06- 08","13.65","14.14","14.21","13.53","","-2.08%"
"2023- 06- 07","13.94","14.14","14.29","13.77","","-0.14%"
"2023- 06- 06","13.96","14.91","14.97","13.95","","-5.23%"
"2023- 06- 05","14.73","15.28","15.29","14.66","","0.89%"
"2023- 06- 02","14.60","15.65","15.65","14.42","","-6.71%"
"2023- 06- 01","15.65","17.24","17.59","15.58","","-12.76%"
"2023- 05- 31","17.94","18.04","18.40","17.12","","2.75%"
"2023- 05- 30","17.46","17.56","18.34","16.98","","0.00%"
"2023- 05- 29","17.46","17.53","17.60","17.34","","-2.73%"
"2023- 05- 26","17.95","19.07","19.56","17.27","","-6.22%"
"2023- 05- 25","19.14","19.54","19.95","18.70","","-4.44%"
"2023- 05- 24","20.03","18.80","20.81","18.80","","8.09%"
"2023- 05- 23","18.53","17.35","19.31","17.30","","7.67%"
"2023- 05- 22","17.21","17.45","18.13","16.82","","2.38%"
"2023- 05- 19","16.81","16.13","17.36","15.85","","4.74%"
"2023- 05- 18","16.05","16.92","17.15","16.05","","-4.86%"
"2023- 05- 17","16.87","17.96","18.26","16.68","","-6.23%"
"2023- 05- 16","17.99","17.54","18.30","17.26","","5.08%"
"2023- 05- 15","17.12","17.44","18.16","17.08","","0.53%"
"2023- 05- 12","17.03","16.83","17.92","16.38","","0.59%"
"2023- 05- 11","16.93","16.80","18.19","16.63","","-0.06%"
"2023- 05- 10","16.94","17.58","18.31","16.36","","-4.35%"
"2023- 05- 09","17.71","17.29","17.86","17.22","","4.30%"
"2023- 05- 08","16.98","17.73","17.88","16.83","","-1.22%"
"2023- 05- 05","17.19","19.50","19.63","16.69","","-14.44%"
"2023- 05- 04","20.09","19.17","21.33","18.67","","9.54%"
"2023- 05- 03","18.34","17.82","18.83","17.19","","3.15%"
"2023- 05- 02","17.78","16.27","19.81","16.26","","10.57%"
"2023- 05- 01","16.08","16.41","16.62","15.53","","1.90%"
"2023- 04- 28","15.78","17.21","17.65","15.72","","-7.34%"
"2023- 04- 27","17.03","18.43","18.43","16.72","","-9.61%"
"2023- 04- 26","18.84","18.66","19.61","17.87","","0.43%"
"2023- 04- 25","18.76","17.62","19.86","17.33","","11.07%"
"2023- 04- 24","16.89","18.22","18.24","16.74","","0.72%"
"2023- 04- 21","16.77","17.51","17.71","16.58","","-2.33%"
"2023- 04- 20","17.17","16.85","17.69","16.33","","4.31%"
"2023- 04- 19","16.46","17.30","17.72","16.17","","-2.20%"
"2023- 04- 18","16.83","16.94","17.34","16.58","","-0.71%"
"2023- 04- 17","16.95","17.58","17.79","16.90","","-0.70%"
"2023- 04- 14","17.07","17.94","18.12","17.07","","-4.10%"
"2023- 04- 13","17.80","18.83","19.06","17.77","","-6.76%"
"2023- 04- 12","19.09","19.38","19.98","18.25","","-0.05%"
"2023- 04- 11","19.10","19.08","19.28","18.56","","0.69%"
"2023- 04- 10","18.97","19.39","20.05","18.93","","3.10%"
"2023- 04- 07","18.40","18.40","18.40","18.40","","0.00%"
"2023- 04- 06","18.40","19.30","19.88","18.35","","-3.56%"
"2023- 04- 05","19.08","19.42","20.08","19.00","","0.42%"
"2023- 04- 04","19.00","18.79","20.03","18.58","","2.43%"
"2023- 04- 03","18.55","19.79","19.83","18.54","","-0.80%"
"2023- 03- 31","18.70","19.21","19.43","18.52","","-1.68%"
"2023- 03- 30","19.02","19.12","20.08","18.85","","-0.52%"
"2023- 03- 29","19.12","19.39","19.45","19.09","","-4.26%"
"2023- 03- 28","19.97","20.53","21.40","19.91","","-3.06%"
"2023- 03- 27","20.60","22.05","22.93","20.57","","-5.24%"
"2023- 03- 24","21.74","22.11","25.21","21.60","","-3.85%"
"2023- 03- 23","22.61","21.54","24.91","20.16","","1.57%"
"2023- 03- 22","22.26","21.80","22.38","19.94","","4.12%"
"2023- 03- 21","21.38","24.16","24.16","21.29","","-11.47%"
"2023- 03- 20","24.15","27.77","28.91","24.00","","-5.33%"
"2023- 03- 17","25.51","22.92","26.14","22.58","","10.96%"
"2023- 03- 16","22.99","26.19","27.49","22.97","","-12.05%"
"2023- 03- 15","26.14","23.21","29.91","23.19","","10.16%"
"2023- 03- 14","23.73","26.85","27.24","22.27","","-10.52%"
"2023- 03- 13","26.52","24.05","30.81","23.85","","6.94%"
"2023- 03- 10","24.80","23.34","28.97","21.79","","9.69%"
"2023- 03- 09","22.61","19.33","23.14","18.88","","18.32%"
"2023- 03- 08","19.11","19.71","20.01","19.00","","-2.45%"
"2023- 03- 07","19.59","18.64","19.74","18.51","","5.27%"
"2023- 03- 06","18.61","19.05","19.19","18.49","","0.65%"
"2023- 03- 03","18.49","19.76","19.76","18.16","","-5.62%"
"2023- 03- 02","19.59","21.41","21.42","19.55","","-4.81%"
"2023- 03- 01","20.58","20.39","21.32","20.22","","-0.58%"
"2023- 02- 28","20.70","21.30","21.37","20.10","","-1.19%"
"2023- 02- 27","20.95","21.99","22.02","20.68","","-3.32%"
"2023- 02- 24","21.67","21.35","22.90","21.32","","2.51%"
"2023- 02- 23","21.14","21.96","22.43","20.89","","-5.16%"
"2023- 02- 22","22.29","23.03","23.63","22.02","","-2.54%"
"2023- 02- 21","22.87","21.80","23.34","21.80","","7.72%"
"2023- 02- 20","21.23","21.06","21.28","20.96","","6.04%"
"2023- 02- 17","20.02","20.94","21.30","19.82","","-0.74%"
"2023- 02- 16","20.17","18.26","20.27","18.23","","10.64%"
"2023- 02- 15","18.23","19.37","19.41","18.11","","-3.60%"
"2023- 02- 14","18.91","20.72","20.75","18.48","","-7.03%"
"2023- 02- 13","20.34","21.66","21.69","20.33","","-0.93%"
"2023- 02- 10","20.53","20.74","21.94","20.44","","-0.87%"
"2023- 02- 09","20.71","19.24","21.08","19.02","","5.50%"
"2023- 02- 08","19.63","18.88","20.12","18.55","","5.20%"
"2023- 02- 07","18.66","19.54","19.99","18.43","","-3.96%"
"2023- 02- 06","19.43","19.23","19.81","19.21","","6.00%"
"2023- 02- 03","18.33","18.57","19.30","17.93","","-2.14%"
"2023- 02- 02","18.73","17.74","19.25","17.06","","4.81%"
"2023- 02- 01","17.87","19.62","20.04","17.70","","-7.89%"
"2023- 01- 31","19.40","20.12","20.70","19.13","","-2.71%"
"2023- 01- 30","19.94","19.76","20.25","19.54","","7.73%"
"2023- 01- 27","18.51","18.90","19.00","17.97","","-1.17%"
"2023- 01- 26","18.73","19.05","19.48","18.67","","-1.83%"
"2023- 01- 25","19.08","19.56","20.90","18.99","","-0.63%"
"2023- 01- 24","19.20","19.89","20.47","18.91","","-3.08%"
"2023- 01- 23","19.81","20.21","20.33","19.55","","-0.20%"
"2023- 01- 20","19.85","20.28","20.70","19.41","","-3.27%"
"2023- 01- 19","20.52","20.43","21.71","20.17","","0.88%"
"2023- 01- 18","20.34","19.28","20.58","18.71","","5.06%"
"2023- 01- 17","19.36","19.89","20.22","19.21","","-0.67%"
"2023- 01- 16","19.49","19.44","19.63","19.41","","6.21%"
"2023- 01- 13","18.35","19.00","19.41","18.01","","-2.55%"
"2023- 01- 12","18.83","21.56","21.80","18.83","","-10.72%"
"2023- 01- 11","21.09","20.80","21.25","20.62","","2.48%"
"2023- 01- 10","20.58","22.22","22.46","20.58","","-6.33%"
"2023- 01- 09","21.97","21.75","21.98","21.27","","3.98%"
"2023- 01- 06","21.13","22.69","22.90","21.00","","-5.92%"
"2023- 01- 05","22.46","22.20","22.92","21.97","","2.04%"
"2023- 01- 04","22.01","22.93","23.27","21.94","","-3.89%"
"2023- 01- 03","22.90","23.09","23.76","22.73","","5.68%"
"2022- 12- 30","21.67","21.83","22.40","21.59","","1.07%"
"2022- 12- 29","21.44","22.25","22.31","21.36","","-3.16%"
"2022- 12- 28","22.14","21.47","22.26","20.96","","2.26%"
"2022- 12- 27","21.65","21.67","22.80","21.59","","3.74%"
"2022- 12- 26","20.87","20.87","20.87","20.87","","0.00%"
"2022- 12- 23","20.87","22.17","22.64","20.78","","-5.01%"
"2022- 12- 22","21.97","20.08","24.30","20.01","","9.47%"
"2022- 12- 21","20.07","21.25","21.29","19.94","","-6.56%"
"2022- 12- 20","21.48","23.17","23.39","21.35","","-4.19%"
"2022- 12- 19","22.42","22.63","22.86","21.61","","-0.88%"
"2022- 12- 16","22.62","23.26","23.83","22.09","","-0.92%"
"2022- 12- 15","22.83","21.52","23.67","21.25","","7.99%"
"2022- 12- 14","21.14","22.83","23.47","21.07","","-6.25%"
"2022- 12- 13","22.55","25.24","25.84","21.46","","-9.80%"
"2022- 12- 12","25.00","24.40","25.05","24.18","","9.51%"
"2022- 12- 09","22.83","22.55","23.21","22.18","","2.42%"
"2022- 12- 08","22.29","22.81","23.28","22.06","","-1.72%"
"2022- 12- 07","22.68","22.32","23.01","22.18","","2.30%"
"2022- 12- 06","22.17","20.69","22.60","20.38","","6.84%"
"2022- 12- 05","20.75","20.30","21.29","19.78","","8.87%"
"2022- 12- 02","19.06","20.42","20.96","18.95","","-3.93%"
"2022- 12- 01","19.84","20.83","21.06","19.80","","-3.60%"
"2022- 11- 30","20.58","21.70","22.63","20.31","","-5.98%"
"2022- 11- 29","21.89","22.09","22.57","21.83","","-1.44%"
"2022- 11- 28","22.21","22.09","22.50","21.65","","8.34%"
"2022- 11- 25","20.50","20.61","21.11","20.46","","0.39%"
"2022- 11- 24","20.42","20.50","20.54","20.31","","0.34%"
"2022- 11- 23","20.35","21.49","21.78","20.32","","-4.42%"
"2022- 11- 22","21.29","22.59","22.71","21.28","","-4.79%"
"2022- 11- 21","22.36","24.05","24.12","22.30","","-3.29%"
"2022- 11- 18","23.12","24.03","24.12","22.98","","-3.38%"
"2022- 11- 17","23.93","24.05","25.18","23.81","","-0.75%"
"2022- 11- 16","24.11","24.29","24.72","23.99","","-1.75%"
"2022- 11- 15","24.54","23.77","26.22","23.18","","3.41%"
"2022- 11- 14","23.73","23.99","24.33","22.86","","5.37%"
"2022- 11- 11","22.52","23.89","23.91","22.37","","-4.29%"
"2022- 11- 10","23.53","26.51","26.59","22.84","","-9.81%"
"2022- 11- 09","26.09","25.34","26.35","25.02","","2.15%"
"2022- 11- 08","25.54","24.71","26.16","24.24","","4.89%"
"2022- 11- 07","24.35","25.67","25.67","24.34","","-0.81%"
"2022- 11- 04","24.55","25.63","25.71","24.00","","-2.96%"
"2022- 11- 03","25.30","25.98","26.87","25.10","","-2.17%"
"2022- 11- 02","25.86","26.04","26.62","25.39","","0.19%"
"2022- 11- 01","25.81","25.96","26.35","25.66","","-0.27%"
"2022- 10- 31","25.88","26.91","27.07","25.84","","0.50%"
"2022- 10- 28","25.75","27.43","27.59","25.75","","-5.99%"
"2022- 10- 27","27.39","27.51","27.67","26.94","","0.40%"
"2022- 10- 26","27.28","28.44","28.52","27.27","","-4.15%"
"2022- 10- 25","28.46","29.80","30.00","28.22","","-4.66%"
"2022- 10- 24","29.85","30.65","30.95","29.78","","0.54%"
"2022- 10- 21","29.69","30.21","30.44","29.24","","-0.97%"
"2022- 10- 20","29.98","31.30","31.32","29.76","","-2.54%"
"2022- 10- 19","30.76","30.94","31.90","30.76","","0.85%"
"2022- 10- 18","30.50","31.10","31.93","30.42","","-2.77%"
"2022- 10- 17","31.37","32.27","32.59","30.70","","-2.03%"
"2022- 10- 14","32.02","31.89","32.98","31.14","","0.25%"
"2022- 10- 13","31.94","33.60","33.87","31.63","","-4.86%"
"2022- 10- 12","33.57","33.54","34.53","33.11","","-0.18%"
"2022- 10- 11","33.63","33.56","34.43","32.45","","3.64%"
"2022- 10- 10","32.45","32.93","33.99","32.05","","3.48%"
"2022- 10- 07","31.36","30.37","32.02","29.88","","2.75%"
"2022- 10- 06","30.52","28.60","30.74","28.56","","6.90%"
"2022- 10- 05","28.55","29.36","30.11","28.50","","-1.79%"
"2022- 10- 04","29.07","29.52","29.62","28.56","","-3.42%"
"2022- 10- 03","30.10","33.00","33.06","29.63","","-4.81%"
"2022- 09- 30","31.62","31.61","33.25","29.39","","-0.69%"
"2022- 09- 29","31.84","31.67","33.46","31.16","","5.50%"
"2022- 09- 28","30.18","34.50","34.88","30.03","","-7.42%"
"2022- 09- 27","32.60","31.20","34.14","30.30","","1.05%"
"2022- 09- 26","32.26","31.74","32.88","29.83","","7.82%"
"2022- 09- 23","29.92","27.68","32.31","27.58","","9.40%"
"2022- 09- 22","27.35","28.16","28.38","26.71","","-2.29%"
"2022- 09- 21","27.99","28.03","30.18","25.55","","3.06%"
"2022- 09- 20","27.16","25.65","27.81","25.61","","5.43%"
"2022- 09- 19","25.76","27.69","27.95","25.56","","-2.05%"
"2022- 09- 16","26.30","27.47","28.45","26.14","","0.11%"
"2022- 09- 15","26.27","26.10","26.93","25.42","","0.42%"
"2022- 09- 14","26.16","26.73","27.56","26.16","","-4.07%"
"2022- 09- 13","27.27","23.67","28.15","23.53","","14.24%"
"2022- 09- 12","23.87","23.58","24.23","23.16","","4.74%"
"2022- 09- 09","22.79","23.49","23.57","22.64","","-3.47%"
"2022- 09- 08","23.61","24.70","25.90","23.56","","-4.18%"
"2022- 09- 07","24.64","26.93","27.15","24.54","","-8.44%"
"2022- 09- 06","26.91","25.46","27.80","25.33","","3.54%"
"2022- 09- 05","25.99","26.51","26.85","25.84","","2.04%"
"2022- 09- 02","25.47","25.51","26.28","23.19","","-0.35%"
"2022- 09- 01","25.56","26.88","27.45","25.25","","-1.20%"
"2022- 08- 31","25.87","25.86","26.62","25.31","","-1.30%"
"2022- 08- 30","26.21","25.75","27.69","25.13","","0.00%"
"2022- 08- 29","26.21","26.86","27.67","25.47","","2.54%"
"2022- 08- 26","25.56","22.07","25.90","21.67","","17.36%"
"2022- 08- 25","21.78","22.41","23.13","21.77","","-4.56%"
"2022- 08- 24","22.82","24.37","24.86","22.73","","-5.35%"
"2022- 08- 23","24.11","24.13","24.21","23.07","","1.30%"
"2022- 08- 22","23.80","22.41","24.62","22.39","","15.53%"
"2022- 08- 19","20.60","20.16","21.27","20.08","","5.32%"
"2022- 08- 18","19.56","20.51","20.61","19.43","","-1.71%"
"2022- 08- 17","19.90","19.74","20.63","19.41","","1.07%"
"2022- 08- 16","19.69","20.23","20.39","19.50","","-1.30%"
"2022- 08- 15","19.95","20.74","21.16","19.81","","2.15%"
"2022- 08- 12","19.53","20.34","20.35","19.12","","-3.32%"
"2022- 08- 11","20.20","19.84","20.85","19.71","","2.33%"
"2022- 08- 10","19.74","22.28","22.34","19.54","","-9.32%"
"2022- 08- 09","21.77","21.41","22.23","21.41","","2.25%"
"2022- 08- 08","21.29","21.74","22.01","20.83","","0.66%"
"2022- 08- 05","21.15","21.50","22.58","20.76","","-1.35%"
"2022- 08- 04","21.44","22.06","22.66","21.44","","-2.32%"
"2022- 08- 03","21.95","23.86","23.92","21.68","","-8.27%"
"2022- 08- 02","23.93","24.08","24.68","22.67","","4.77%"
"2022- 08- 01","22.84","22.41","23.27","22.26","","7.08%"
"2022- 07- 29","21.33","22.13","22.16","21.21","","-4.48%"
"2022- 07- 28","22.33","23.33","23.54","22.22","","-3.92%"
"2022- 07- 27","23.24","24.27","24.41","23.02","","-5.87%"
"2022- 07- 26","24.69","23.95","25.31","23.82","","5.69%"
"2022- 07- 25","23.36","24.33","24.57","23.19","","1.43%"
"2022- 07- 22","23.03","23.30","23.81","22.41","","-0.35%"
"2022- 07- 21","23.11","24.07","24.67","22.92","","-3.22%"
"2022- 07- 20","23.88","24.23","24.73","23.40","","-2.53%"
"2022- 07- 19","24.50","25.12","25.41","24.23","","-3.16%"
"2022- 07- 18","25.30","24.83","25.91","24.38","","4.42%"
"2022- 07- 15","24.23","26.72","26.72","24.13","","-8.22%"
"2022- 07- 14","26.40","27.47","28.45","26.20","","-1.57%"
"2022- 07- 13","26.82","27.35","29.06","26.23","","-1.72%"
"2022- 07- 12","27.29","27.14","27.75","25.82","","4.28%"
"2022- 07- 11","26.17","26.42","26.74","25.79","","6.21%"
"2022- 07- 08","24.64","26.41","26.61","24.43","","-5.52%"
"2022- 07- 07","26.08","26.73","26.79","25.66","","-2.43%"
"2022- 07- 06","26.73","27.84","28.07","26.43","","-2.94%"
"2022- 07- 05","27.54","27.37","29.82","27.30","","0.04%"
"2022- 07- 04","27.53","27.96","28.10","27.46","","3.11%"
"2022- 07- 01","26.70","29.53","29.59","26.69","","-7.00%"
"2022- 06- 30","28.71","29.42","30.22","28.28","","1.95%"
"2022- 06- 29","28.16","28.80","29.36","27.85","","-0.71%"
"2022- 06- 28","28.36","26.90","28.68","26.47","","5.23%"
"2022- 06- 27","26.95","28.30","28.66","26.93","","-1.03%"
"2022- 06- 24","27.23","29.07","29.72","26.83","","-6.27%"
"2022- 06- 23","29.05","29.29","29.77","28.74","","0.35%"
"2022- 06- 22","28.95","31.45","31.57","28.78","","-4.11%"
"2022- 06- 21","30.19","30.63","30.65","29.33","","-2.71%"
"2022- 06- 20","31.03","32.06","32.16","30.98","","-0.32%"
"2022- 06- 17","31.13","32.84","33.31","30.47","","-5.52%"
"2022- 06- 16","32.95","30.35","34.82","30.35","","11.24%"
"2022- 06- 15","29.62","32.39","32.77","27.76","","-9.39%"
"2022- 06- 14","32.69","33.01","34.00","32.06","","-3.91%"
"2022- 06- 13","34.02","31.37","35.05","31.29","","22.59%"
"2022- 06- 10","27.75","26.26","29.63","26.05","","6.36%"
"2022- 06- 09","26.09","24.29","26.24","23.82","","8.89%"
"2022- 06- 08","23.96","24.37","24.78","23.74","","-0.25%"
"2022- 06- 07","24.02","25.54","26.24","23.88","","-4.19%"
"2022- 06- 06","25.07","25.37","25.81","24.82","","1.13%"
"2022- 06- 03","24.79","24.91","25.96","24.76","","0.28%"
"2022- 06- 02","24.72","25.73","26.50","24.33","","-3.78%"
"2022- 06- 01","25.69","26.05","27.73","25.38","","-1.91%"
"2022- 05- 31","26.19","27.47","28.35","25.94","","-1.32%"
"2022- 05- 30","26.54","26.16","26.81","26.08","","3.19%"
"2022- 05- 27","25.72","27.50","27.54","25.57","","-6.47%"
"2022- 05- 26","27.50","28.42","28.46","27.11","","-3.07%"
"2022- 05- 25","28.37","29.33","30.23","28.16","","-3.67%"
"2022- 05- 24","29.45","29.43","31.07","29.04","","3.41%"
"2022- 05- 23","28.48","28.98","30.39","28.29","","-3.23%"
"2022- 05- 20","29.43","28.78","32.91","28.06","","0.27%"
"2022- 05- 19","29.35","31.24","33.11","29.06","","-5.20%"
"2022- 05- 18","30.96","26.74","31.49","26.21","","18.62%"
"2022- 05- 17","26.10","27.07","27.17","25.51","","-4.99%"
"2022- 05- 16","27.47","30.01","30.23","27.36","","-4.85%"
"2022- 05- 13","28.87","31.09","31.20","28.78","","-9.13%"
"2022- 05- 12","31.77","33.74","34.76","31.70","","-2.43%"
"2022- 05- 11","32.56","32.87","34.39","30.69","","-1.30%"
"2022- 05- 10","32.99","33.66","34.84","32.24","","-5.06%"
"2022- 05- 09","34.75","31.90","35.48","31.90","","15.10%"
"2022- 05- 06","30.19","32.23","35.34","29.83","","-3.24%"
"2022- 05- 05","31.20","25.97","33.20","25.78","","22.74%"
"2022- 05- 04","25.42","29.12","29.42","24.94","","-13.09%"
"2022- 05- 03","29.25","31.76","32.82","29.06","","-9.55%"
"2022- 05- 02","32.34","33.35","36.64","31.74","","-3.17%"
"2022- 04- 29","33.40","28.97","34.34","28.54","","11.37%"
"2022- 04- 28","29.99","29.91","32.00","28.00","","-5.09%"
"2022- 04- 27","31.60","31.11","32.77","29.82","","-5.73%"
"2022- 04- 26","33.52","27.38","33.81","27.06","","24.06%"
"2022- 04- 25","27.02","30.04","31.60","26.80","","-4.22%"
"2022- 04- 22","28.21","22.71","28.27","22.62","","24.38%"
"2022- 04- 21","22.68","20.24","23.28","19.81","","11.61%"
"2022- 04- 20","20.32","21.13","21.32","19.75","","-4.91%"
"2022- 04- 19","21.37","22.55","22.92","20.36","","-3.61%"
"2022- 04- 18","22.17","24.52","24.60","21.98","","-2.33%"
"2022- 04- 15","22.70","22.70","22.70","22.70","","0.00%"
"2022- 04- 14","22.70","21.72","22.70","20.85","","4.03%"
"2022- 04- 13","21.82","23.52","24.45","21.37","","-10.06%"
"2022- 04- 12","24.26","24.94","25.38","22.27","","-0.45%"
"2022- 04- 11","24.37","23.09","24.42","22.09","","15.17%"
"2022- 04- 08","21.16","21.25","22.34","20.28","","-1.81%"
"2022- 04- 07","21.55","21.97","23.82","21.12","","-2.49%"
"2022- 04- 06","22.10","21.27","24.78","21.24","","5.09%"
"2022- 04- 05","21.03","18.79","21.57","18.55","","13.25%"
"2022- 04- 04","18.57","20.75","20.78","18.45","","-5.40%"
"2022- 04- 01","19.63","20.62","20.86","19.41","","-4.52%"
"2022- 03- 31","20.56","19.68","21.48","19.54","","6.36%"
"2022- 03- 30","19.33","19.38","20.51","18.72","","2.28%"
"2022- 03- 29","18.90","19.70","19.73","18.67","","-3.72%"
"2022- 03- 28","19.63","22.14","23.33","19.54","","-5.67%"
"2022- 03- 25","20.81","21.87","22.86","20.80","","-3.97%"
"2022- 03- 24","21.67","23.61","23.79","21.49","","-8.06%"
"2022- 03- 23","23.57","23.04","24.03","22.64","","2.75%"
"2022- 03- 22","22.94","24.02","24.02","22.70","","-2.51%"
"2022- 03- 21","23.53","25.14","25.36","22.99","","-1.42%"
"2022- 03- 18","23.87","26.36","26.82","23.85","","-7.01%"
"2022- 03- 17","25.67","26.51","27.47","25.25","","-3.75%"
"2022- 03- 16","26.67","29.02","29.80","26.29","","-10.59%"
"2022- 03- 15","29.83","33.13","33.83","29.57","","-6.11%"
"2022- 03- 14","31.77","31.03","33.18","30.06","","3.32%"
"2022- 03- 11","30.75","30.43","31.04","28.84","","1.72%"
"2022- 03- 10","30.23","33.03","34.03","30.23","","-6.84%"
"2022- 03- 09","32.45","33.74","34.12","31.39","","-7.63%"
"2022- 03- 08","35.13","36.19","37.52","32.78","","-3.62%"
"2022- 03- 07","36.45","35.88","36.55","32.59","","13.98%"
"2022- 03- 04","31.98","31.90","34.65","31.47","","4.92%"
"2022- 03- 03","30.48","30.52","32.01","29.31","","-0.85%"
"2022- 03- 02","30.74","34.20","34.41","30.12","","-7.74%"
"2022- 03- 01","33.32","29.45","35.19","29.44","","10.51%"
"2022- 02- 28","30.15","32.44","33.51","28.43","","9.28%"
"2022- 02- 25","27.59","31.68","32.00","26.93","","-9.00%"
"2022- 02- 24","30.32","37.50","37.79","29.45","","-2.26%"
"2022- 02- 23","31.02","28.04","31.07","27.20","","7.67%"
"2022- 02- 22","28.81","31.80","32.04","28.40","","3.82%"
"2022- 02- 18","27.75","26.66","29.71","26.38","","-1.28%"
"2022- 02- 17","28.11","24.83","28.37","24.76","","15.73%"
"2022- 02- 16","24.29","25.19","27.09","23.88","","-5.49%"
"2022- 02- 15","25.70","28.09","28.09","25.33","","-9.28%"
"2022- 02- 14","28.33","29.17","32.04","28.33","","3.55%"
"2022- 02- 11","27.36","24.39","30.99","23.33","","14.43%"
"2022- 02- 10","23.91","20.37","24.77","20.18","","19.79%"
"2022- 02- 09","19.96","21.27","21.30","19.93","","-6.90%"
"2022- 02- 08","21.44","23.09","23.48","21.32","","-6.21%"
"2022- 02- 07","22.86","24.09","24.82","22.02","","-1.55%"
"2022- 02- 04","23.22","23.77","26.26","22.07","","-4.64%"
"2022- 02- 03","24.35","22.63","25.81","22.30","","10.23%"
"2022- 02- 02","22.09","21.56","22.73","20.46","","0.59%"
"2022- 02- 01","21.96","24.57","25.33","21.96","","-11.56%"
"2022- 01- 31","24.83","28.36","29.41","24.71","","-10.23%"
"2022- 01- 28","27.66","30.27","32.82","27.28","","-9.28%"
"2022- 01- 27","30.49","32.19","33.00","28.42","","-4.60%"
"2022- 01- 26","31.96","29.35","33.04","26.90","","2.57%"
"2022- 01- 25","31.16","32.29","35.85","29.13","","4.21%"
"2022- 01- 24","29.90","28.20","38.94","28.02","","3.64%"
"2022- 01- 21","28.85","25.38","29.79","25.31","","12.74%"
"2022- 01- 20","25.59","23.46","25.89","21.68","","7.30%"
"2022- 01- 19","23.85","23.12","23.99","21.85","","4.65%"
"2022- 01- 18","22.79","21.18","23.20","21.18","","18.76%"
"2022- 01- 14","19.19","20.11","22.07","19.05","","-5.51%"
"2022- 01- 13","20.31","18.06","20.61","17.45","","15.27%"
"2022- 01- 12","17.62","18.17","18.69","17.36","","-4.29%"
"2022- 01- 11","18.41","19.62","21.00","18.20","","-5.10%"
"2022- 01- 10","19.40","19.58","23.33","19.29","","3.41%"
"2022- 01- 07","18.76","19.85","20.80","18.57","","-4.33%"
"2022- 01- 06","19.61","20.29","21.06","19.08","","-0.61%"
"2022- 01- 05","19.73","17.07","20.17","16.58","","16.68%"
"2022- 01- 04","16.91","16.57","17.81","16.34","","1.87%"
"2022- 01- 03","16.60","17.60","18.54","16.56","","-3.60%"
"2021- 12- 31","17.22","17.63","18.27","16.99","","-0.63%"
"2021- 12- 30","17.33","17.30","17.79","16.62","","2.24%"
"2021- 12- 29","16.95","17.63","18.00","16.71","","-3.36%"
"2021- 12- 28","17.54","17.78","18.47","17.51","","-0.79%"
"2021- 12- 27","17.68","19.37","19.41","17.55","","-1.56%"
"2021- 12- 24","17.96","17.96","17.96","17.96","","0.00%"
"2021- 12- 23","17.96","18.81","18.93","17.62","","-3.60%"
"2021- 12- 22","18.63","21.04","21.36","18.59","","-11.33%"
"2021- 12- 21","21.01","22.28","22.68","20.90","","-8.13%"
"2021- 12- 20","22.87","25.89","27.39","22.85","","6.03%"
"2021- 12- 17","21.57","20.70","23.26","20.49","","4.86%"
"2021- 12- 16","20.57","18.56","22.13","18.19","","6.64%"
"2021- 12- 15","19.29","21.60","23.47","19.02","","-11.88%"
"2021- 12- 14","21.89","19.67","23.00","19.67","","7.78%"
"2021- 12- 13","20.31","19.29","21.18","18.96","","8.67%"
"2021- 12- 10","18.69","21.27","21.30","18.69","","-13.39%"
"2021- 12- 09","21.58","20.31","22.12","19.94","","8.44%"
"2021- 12- 08","19.90","21.74","23.11","19.85","","-9.09%"
"2021- 12- 07","21.89","24.58","24.69","21.58","","-19.46%"
"2021- 12- 06","27.18","28.99","30.82","26.75","","-11.38%"
"2021- 12- 03","30.67","26.95","35.32","25.89","","9.73%"
"2021- 12- 02","27.95","29.44","30.68","27.15","","-10.19%"
"2021- 12- 01","31.12","24.92","32.61","22.38","","14.45%"
"2021- 11- 30","27.19","26.23","28.56","23.71","","18.42%"
"2021- 11- 29","22.96","25.31","25.69","21.71","","-19.78%"
"2021- 11- 26","28.62","26.62","28.99","23.88","","54.04%"
"2021- 11- 25","18.58","18.58","18.58","18.58","","0.00%"
"2021- 11- 24","18.58","19.17","20.96","18.52","","-4.13%"
"2021- 11- 23","19.38","20.24","20.91","19.03","","1.10%"
"2021- 11- 22","19.17","18.20","19.59","17.35","","7.04%"
"2021- 11- 19","17.91","17.36","19.01","17.23","","1.82%"
"2021- 11- 18","17.59","16.81","18.15","16.38","","2.81%"
"2021- 11- 17","17.11","16.36","17.19","16.28","","4.52%"
"2021- 11- 16","16.37","16.86","17.08","16.03","","-0.73%"
"2021- 11- 15","16.49","17.03","17.46","16.49","","1.23%"
"2021- 11- 12","16.29","17.49","17.69","16.15","","-7.76%"
"2021- 11- 11","17.66","18.34","18.39","17.27","","-5.71%"
"2021- 11- 10","18.73","17.74","19.90","17.22","","5.34%"
"2021- 11- 09","17.78","17.43","18.57","17.21","","3.25%"
"2021- 11- 08","17.22","17.23","17.69","16.44","","4.49%"
"2021- 11- 05","16.48","15.59","17.02","14.95","","6.74%"
"2021- 11- 04","15.44","15.06","16.14","14.73","","2.25%"
"2021- 11- 03","15.10","16.11","16.39","14.90","","-5.80%"
"2021- 11- 02","16.03","16.54","16.65","15.89","","-2.32%"
"2021- 11- 01","16.41","16.85","17.70","16.32","","0.92%"
"2021- 10- 29","16.26","17.40","18.06","16.13","","-1.63%"
"2021- 10- 28","16.53","17.06","17.16","16.23","","-2.65%"
"2021- 10- 27","16.98","15.79","17.29","15.54","","6.26%"
"2021- 10- 26","15.98","15.02","16.71","14.90","","4.86%"
"2021- 10- 25","15.24","16.14","16.33","15.10","","-1.23%"
"2021- 10- 22","15.43","15.35","16.39","14.84","","2.80%"
"2021- 10- 21","15.01","16.06","16.11","14.92","","-3.10%"
"2021- 10- 20","15.49","15.82","15.89","15.29","","-1.34%"
"2021- 10- 19","15.70","16.09","16.31","15.57","","-3.74%"
"2021- 10- 18","16.31","17.29","17.93","16.27","","0.06%"
"2021- 10- 15","16.30","16.64","16.85","15.72","","-3.32%"
"2021- 10- 14","16.86","18.01","18.08","16.80","","-9.55%"
"2021- 10- 13","18.64","20.14","20.23","18.44","","-6.10%"
"2021- 10- 12","19.85","20.62","20.81","18.97","","-0.75%"
"2021- 10- 11","20.00","19.93","20.45","18.11","","6.55%"
"2021- 10- 08","18.77","19.46","19.94","18.20","","-3.94%"
"2021- 10- 07","19.54","20.54","20.76","19.07","","-6.95%"
"2021- 10- 06","21.00","22.95","24.40","20.99","","-1.41%"
"2021- 10- 05","21.30","22.92","23.17","20.62","","-7.23%"
"2021- 10- 04","22.96","22.90","24.58","21.88","","8.56%"
"2021- 10- 01","21.15","24.78","24.89","20.64","","-8.60%"
"2021- 09- 30","23.14","21.48","24.71","20.60","","2.57%"
"2021- 09- 29","22.56","22.07","23.79","21.45","","-2.97%"
"2021- 09- 28","23.25","19.74","24.82","19.71","","23.93%"
"2021- 09- 27","18.76","17.78","19.32","17.74","","5.69%"
"2021- 09- 24","17.75","19.33","20.41","17.63","","-4.72%"
"2021- 09- 23","18.63","19.91","20.21","18.42","","-10.73%"
"2021- 09- 22","20.87","22.72","23.40","20.75","","-14.33%"
"2021- 09- 21","24.36","23.41","25.60","21.71","","-5.25%"
"2021- 09- 20","25.71","24.25","28.79","23.90","","23.55%"
"2021- 09- 17","20.81","18.37","21.51","18.35","","11.34%"
"2021- 09- 16","18.69","18.41","19.76","17.65","","2.81%"
"2021- 09- 15","18.18","19.30","20.27","18.01","","-6.58%"
"2021- 09- 14","19.46","19.58","20.47","18.39","","0.46%"
"2021- 09- 13","19.37","19.64","21.18","18.76","","-7.54%"
"2021- 09- 10","20.95","17.94","21.13","16.99","","11.44%"
"2021- 09- 09","18.80","19.44","19.54","17.17","","4.68%"
"2021- 09- 08","17.96","18.97","19.64","17.78","","-0.99%"
"2021- 09- 07","18.14","16.94","18.39","16.89","","10.54%"
"2021- 09- 03","16.41","16.27","17.06","16.08","","0.00%"
"2021- 09- 02","16.41","16.27","16.98","15.73","","1.86%"
"2021- 09- 01","16.11","16.06","16.71","15.68","","-2.25%"
"2021- 08- 31","16.48","15.98","17.07","15.91","","1.79%"
"2021- 08- 30","16.19","16.77","16.80","15.98","","-1.22%"
"2021- 08- 27","16.39","17.95","18.22","16.11","","-13.00%"
"2021- 08- 26","18.84","17.46","19.27","17.16","","12.21%"
"2021- 08- 25","16.79","17.42","17.50","16.46","","-2.50%"
"2021- 08- 24","17.22","16.96","17.51","16.94","","0.41%"
"2021- 08- 23","17.15","18.83","18.95","16.95","","-7.60%"
"2021- 08- 20","18.56","22.74","23.90","18.18","","-14.35%"
"2021- 08- 19","21.67","23.12","24.74","20.37","","0.46%"
"2021- 08- 18","21.57","17.56","21.64","17.31","","20.44%"
"2021- 08- 17","17.91","17.31","19.56","16.71","","11.10%"
"2021- 08- 16","16.12","17.05","17.71","16.02","","4.34%"
"2021- 08- 13","15.45","15.68","15.72","15.19","","-0.90%"
"2021- 08- 12","15.59","16.33","16.42","15.49","","-2.93%"
"2021- 08- 11","16.06","16.81","17.09","15.87","","-4.35%"
"2021- 08- 10","16.79","16.82","17.05","16.34","","0.42%"
"2021- 08- 09","16.72","17.12","17.39","16.59","","3.53%"
"2021- 08- 06","16.15","17.46","17.50","16.14","","-6.54%"
"2021- 08- 05","17.28","17.73","17.84","17.23","","-3.84%"
"2021- 08- 04","17.97","18.23","18.90","17.67","","-0.39%"
"2021- 08- 03","18.04","19.17","20.44","17.70","","-7.30%"
"2021- 08- 02","19.46","18.16","19.87","17.99","","6.69%"
"2021- 07- 30","18.24","19.69","19.72","17.53","","3.05%"
"2021- 07- 29","17.70","17.91","18.01","17.19","","-3.33%"
"2021- 07- 28","18.31","19.41","19.62","17.52","","-5.42%"
"2021- 07- 27","19.36","18.62","20.44","18.25","","10.13%"
"2021- 07- 26","17.58","18.67","19.39","17.53","","2.21%"
"2021- 07- 23","17.20","16.98","17.48","16.33","","-2.77%"
"2021- 07- 22","17.69","17.59","18.45","17.40","","-1.23%"
"2021- 07- 21","17.91","19.73","19.82","17.81","","-9.22%"
"2021- 07- 20","19.73","20.89","22.97","19.37","","-12.31%"
"2021- 07- 19","22.50","19.61","25.09","19.27","","21.95%"
"2021- 07- 16","18.45","16.80","18.70","16.03","","8.47%"
"2021- 07- 15","17.01","16.70","18.09","16.56","","4.16%"
"2021- 07- 14","16.33","17.34","17.51","15.95","","-4.61%"
"2021- 07- 13","17.12","16.39","17.23","15.94","","5.88%"
"2021- 07- 12","16.17","16.85","17.52","16.14","","-0.06%"
"2021- 07- 09","16.18","17.88","18.13","16.08","","-14.84%"
"2021- 07- 08","19.00","17.74","21.29","17.74","","17.28%"
"2021- 07- 07","16.20","16.43","17.64","16.08","","-1.46%"
"2021- 07- 06","16.44","15.77","17.94","15.73","","9.09%"
"2021- 07- 02","15.07","15.53","15.54","14.25","","-2.65%"
"2021- 07- 01","15.48","15.62","16.01","15.31","","-2.21%"
"2021- 06- 30","15.83","16.18","17.31","15.58","","-1.19%"
"2021- 06- 29","16.02","15.69","16.31","14.10","","1.65%"
"2021- 06- 28","15.76","16.07","16.46","15.39","","0.90%"
"2021- 06- 25","15.62","16.04","16.17","15.21","","-2.19%"
"2021- 06- 24","15.97","15.99","16.05","14.19","","-2.14%"
"2021- 06- 23","16.32","16.25","16.84","14.86","","-2.04%"
"2021- 06- 22","16.66","17.91","18.32","15.76","","-6.88%"
"2021- 06- 21","17.89","21.74","21.82","17.81","","-13.57%"
"2021- 06- 18","20.70","16.96","21.04","16.92","","16.62%"
"2021- 06- 17","17.75","18.49","19.22","16.71","","-2.20%"
"2021- 06- 16","18.15","16.99","19.11","16.42","","6.64%"
"2021- 06- 15","17.02","16.27","17.35","16.14","","3.84%"
"2021- 06- 14","16.39","16.04","17.04","15.04","","4.73%"
"2021- 06- 11","15.65","16.18","16.20","15.15","","-2.80%"
"2021- 06- 10","16.10","18.18","18.29","16.01","","-10.01%"
"2021- 06- 09","17.89","17.18","17.96","15.55","","4.80%"
"2021- 06- 08","17.07","16.58","17.75","15.15","","3.96%"
"2021- 06- 07","16.42","17.34","17.35","15.78","","0.00%"
"2021- 06- 04","16.42","18.09","18.42","16.18","","-8.98%"
"2021- 06- 03","18.04","17.73","19.27","17.45","","3.20%"
"2021- 06- 02","17.48","17.86","18.31","16.74","","-2.35%"
"2021- 06- 01","17.90","17.24","18.53","15.68","","6.80%"
"2021- 05- 28","16.76","16.80","16.86","15.90","","0.12%"
"2021- 05- 27","16.74","18.03","18.17","16.52","","-3.57%"
"2021- 05- 26","17.36","18.37","18.92","17.35","","-7.86%"
"2021- 05- 25","18.84","18.35","19.29","16.87","","2.39%"
"2021- 05- 24","18.40","20.50","20.51","18.38","","-8.68%"
"2021- 05- 21","20.15","20.42","20.89","19.53","","-2.52%"
"2021- 05- 20","20.67","22.33","23.50","20.19","","-6.81%"
"2021- 05- 19","22.18","22.46","25.96","21.88","","3.94%"
"2021- 05- 18","21.34","18.89","21.45","18.81","","8.22%"
"2021- 05- 17","19.72","19.89","21.58","19.67","","4.84%"
"2021- 05- 14","18.81","21.77","22.10","18.66","","-18.68%"
"2021- 05- 13","23.13","26.03","28.93","22.23","","-16.17%"
"2021- 05- 12","27.59","22.42","28.38","21.66","","26.33%"
"2021- 05- 11","21.84","21.17","23.73","20.71","","11.09%"
"2021- 05- 10","19.66","17.34","19.75","17.07","","17.80%"
"2021- 05- 07","16.69","18.45","18.57","16.68","","-9.24%"
"2021- 05- 06","18.39","18.41","20.60","18.21","","-3.97%"
"2021- 05- 05","19.15","18.84","19.58","17.89","","-1.69%"
"2021- 05- 04","19.48","18.16","21.85","18.11","","6.39%"
"2021- 05- 03","18.31","18.65","19.12","17.80","","-1.61%"
"2021- 04- 30","18.61","17.67","19.25","17.64","","5.68%"
"2021- 04- 29","17.61","16.88","18.87","16.77","","1.91%"
"2021- 04- 28","17.28","17.47","17.84","16.67","","-1.59%"
"2021- 04- 27","17.56","17.62","18.16","16.97","","-0.45%"
"2021- 04- 26","17.64","17.94","18.17","16.87","","1.79%"
"2021- 04- 23","17.33","18.56","18.78","16.80","","-7.38%"
"2021- 04- 22","18.71","17.28","19.90","16.99","","6.91%"
"2021- 04- 21","17.50","18.48","19.29","16.91","","-6.32%"
"2021- 04- 20","18.68","17.36","19.70","17.24","","8.04%"
"2021- 04- 19","17.29","17.04","18.61","16.78","","6.40%"
"2021- 04- 16","16.25","16.65","16.88","16.05","","-1.93%"
"2021- 04- 15","16.57","16.78","16.92","15.94","","-2.47%"
"2021- 04- 14","16.99","16.71","17.69","15.38","","2.04%"
"2021- 04- 13","16.65","16.99","17.86","16.43","","-1.54%"
"2021- 04- 12","16.91","17.43","17.91","16.81","","1.32%"
"2021- 04- 09","16.69","17.05","17.34","16.20","","-1.53%"
"2021- 04- 08","16.95","16.92","17.36","16.55","","-1.22%"
"2021- 04- 07","17.16","17.99","18.17","16.87","","-5.30%"
"2021- 04- 06","18.12","18.07","18.30","17.37","","1.17%"
"2021- 04- 05","17.91","18.16","18.40","17.35","","3.35%"
"2021- 04- 02","17.33","17.33","17.33","17.33","","0.00%"
"2021- 04- 01","17.33","18.60","18.64","17.29","","-10.67%"
"2021- 03- 31","19.40","19.80","20.11","18.85","","-1.07%"
"2021- 03- 30","19.61","20.76","21.75","19.47","","-5.45%"
"2021- 03- 29","20.74","20.40","21.60","19.42","","9.97%"
"2021- 03- 26","18.86","19.32","21.49","18.68","","-4.80%"
"2021- 03- 25","19.81","20.80","23.55","19.81","","-6.56%"
"2021- 03- 24","21.20","20.64","21.49","19.30","","4.43%"
"2021- 03- 23","20.30","19.46","21.58","18.80","","7.52%"
"2021- 03- 22","18.88","21.91","22.29","18.87","","-9.88%"
"2021- 03- 19","20.95","21.43","23.17","19.90","","-2.92%"
"2021- 03- 18","21.58","18.95","22.60","18.95","","12.22%"
"2021- 03- 17","19.23","20.10","20.95","19.18","","-2.83%"
"2021- 03- 16","19.79","20.14","20.31","19.33","","-1.20%"
"2021- 03- 15","20.03","21.84","21.86","19.87","","-3.19%"
"2021- 03- 12","20.69","22.57","22.99","20.63","","-5.57%"
"2021- 03- 11","21.91","22.50","22.50","21.45","","-2.88%"
"2021- 03- 10","22.56","23.76","23.87","22.38","","-6.12%"
"2021- 03- 09","24.03","25.11","25.25","22.90","","-5.65%"
"2021- 03- 08","25.47","27.61","28.39","24.07","","3.28%"
"2021- 03- 05","24.66","29.48","30.03","24.33","","-13.69%"
"2021- 03- 04","28.57","26.52","31.90","24.93","","7.12%"
"2021- 03- 03","26.67","22.80","26.79","22.45","","10.66%"
"2021- 03- 02","24.10","23.58","24.60","22.80","","3.21%"
"2021- 03- 01","23.35","25.20","25.39","23.17","","-16.46%"
"2021- 02- 26","27.95","28.73","30.82","25.23","","-3.25%"
"2021- 02- 25","28.89","21.73","31.16","21.52","","35.38%"
"2021- 02- 24","21.34","23.76","25.04","21.31","","-7.66%"
"2021- 02- 23","23.11","22.82","27.01","22.50","","-1.45%"
"2021- 02- 22","23.45","24.46","25.09","21.96","","6.35%"
"2021- 02- 19","22.05","23.10","23.19","20.84","","-1.96%"
"2021- 02- 18","22.49","21.98","24.23","21.80","","4.60%"
"2021- 02- 17","21.50","22.02","23.44","21.09","","0.19%"
"2021- 02- 16","21.46","21.13","22.46","20.88","","7.46%"
"2021- 02- 12","19.97","21.60","22.45","19.95","","-6.02%"
"2021- 02- 11","21.25","22.09","23.25","21.11","","-3.37%"
"2021- 02- 10","21.99","21.64","23.85","19.69","","1.66%"
"2021- 02- 09","21.63","21.57","22.26","20.65","","1.84%"
"2021- 02- 08","21.24","21.89","22.07","21.23","","1.77%"
"2021- 02- 05","20.87","21.99","22.16","20.86","","-4.13%"
"2021- 02- 04","21.77","23.44","23.44","21.68","","-4.98%"
"2021- 02- 03","22.91","24.59","25.43","22.91","","-10.37%"
"2021- 02- 02","25.56","28.01","28.08","25.31","","-15.48%"
"2021- 02- 01","30.24","31.45","33.96","29.03","","-8.61%"
"2021- 01- 29","33.09","35.16","37.51","29.24","","9.53%"
"2021- 01- 28","30.21","33.25","36.29","27.39","","-18.81%"
"2021- 01- 27","37.21","23.82","37.21","23.71","","61.64%"
"2021- 01- 26","23.02","23.91","23.94","22.55","","-0.73%"
"2021- 01- 25","23.19","22.31","26.63","22.20","","5.84%"
"2021- 01- 22","21.91","22.24","23.73","21.27","","2.77%"
"2021- 01- 21","21.32","21.34","22.22","21.09","","-1.20%"
"2021- 01- 20","21.58","22.82","22.86","21.37","","-7.14%"
"2021- 01- 19","23.24","23.03","23.56","22.53","","-4.52%"
"2021- 01- 15","24.34","23.52","25.80","23.08","","4.69%"
"2021- 01- 14","23.25","22.22","23.47","21.66","","4.68%"
"2021- 01- 13","22.21","23.07","24.18","21.92","","-4.80%"
"2021- 01- 12","23.33","23.49","25.15","22.83","","-3.11%"
"2021- 01- 11","24.08","23.31","24.81","23.23","","11.69%"
"2021- 01- 08","21.56","22.43","23.34","21.42","","-3.62%"
"2021- 01- 07","22.37","23.67","23.91","22.25","","-10.77%"
"2021- 01- 06","25.07","25.48","26.77","22.14","","-1.07%"
"2021- 01- 05","25.34","26.94","28.60","24.80","","-6.04%"
"2021- 01- 04","26.97","23.04","29.19","22.56","","18.55%"
"2020- 12- 31","22.75","22.99","23.25","21.24","","-0.09%"
"2020- 12- 30","22.77","22.58","23.15","22.41","","-1.34%"
"2020- 12- 29","23.08","21.61","23.72","20.99","","6.36%"
"2020- 12- 28","21.70","22.11","22.12","21.15","","0.79%"
"2020- 12- 25","21.53","21.53","21.53","21.53","","0.00%"
"2020- 12- 24","21.53","22.47","22.83","21.39","","-7.64%"
"2020- 12- 23","23.31","23.49","23.68","22.13","","-3.80%"
"2020- 12- 22","24.23","25.24","25.56","23.53","","-3.70%"
"2020- 12- 21","25.16","24.25","31.46","24.23","","16.64%"
"2020- 12- 18","21.57","22.15","23.77","21.57","","-1.64%"
"2020- 12- 17","21.93","21.98","22.27","21.52","","-2.53%"
"2020- 12- 16","22.50","22.51","23.67","22.29","","-1.70%"
"2020- 12- 15","22.89","24.00","24.07","22.73","","-7.40%"
"2020- 12- 14","24.72","22.67","24.82","21.95","","6.05%"
"2020- 12- 11","23.31","22.49","25.14","22.48","","3.51%"
"2020- 12- 10","22.52","22.12","23.46","21.53","","1.12%"
"2020- 12- 09","22.27","20.66","22.93","20.10","","7.69%"
"2020- 12- 08","20.68","21.65","22.25","20.52","","-2.91%"
"2020- 12- 07","21.30","22.04","22.62","21.17","","2.45%"
"2020- 12- 04","20.79","21.05","21.15","19.97","","-2.30%"
"2020- 12- 03","21.28","21.24","21.88","20.72","","0.52%"
"2020- 12- 02","21.17","21.00","21.25","20.04","","1.93%"
"2020- 12- 01","20.77","20.21","20.92","20.00","","0.97%"
"2020- 11- 30","20.57","22.64","22.89","20.48","","-1.30%"
"2020- 11- 27","20.84","21.52","21.60","19.51","","-1.93%"
"2020- 11- 26","21.25","21.25","21.25","21.25","","0.00%"
"2020- 11- 25","21.25","21.65","22.50","21.13","","-1.80%"
"2020- 11- 24","21.64","22.04","22.48","20.80","","-4.50%"
"2020- 11- 23","22.66","23.66","23.96","22.45","","-4.39%"
"2020- 11- 20","23.70","23.43","23.73","22.13","","2.55%"
"2020- 11- 19","23.11","23.62","24.52","22.56","","-3.06%"
"2020- 11- 18","23.84","22.86","23.92","21.66","","4.98%"
"2020- 11- 17","22.71","22.84","24.09","22.34","","1.16%"
"2020- 11- 16","22.45","23.66","24.08","22.43","","-2.81%"
"2020- 11- 13","23.10","24.94","25.03","22.74","","-8.88%"
"2020- 11- 12","25.35","24.39","27.27","23.53","","8.10%"
"2020- 11- 11","23.45","25.01","25.12","22.57","","-5.44%"
"2020- 11- 10","24.80","25.36","26.77","24.35","","-3.69%"
"2020- 11- 09","25.75","24.80","25.82","22.41","","3.58%"
"2020- 11- 06","24.86","27.87","29.44","24.56","","-9.86%"
"2020- 11- 05","27.58","27.56","28.14","26.04","","-6.73%"
"2020- 11- 04","29.57","36.79","36.85","28.03","","-16.82%"
"2020- 11- 03","35.55","36.44","36.44","34.19","","-4.26%"
"2020- 11- 02","37.13","38.57","38.78","36.13","","-2.34%"
"2020- 10- 30","38.02","40.81","41.09","36.50","","1.14%"
"2020- 10- 29","37.59","38.80","41.16","35.63","","-6.68%"
"2020- 10- 28","40.28","34.69","40.77","34.68","","20.78%"
"2020- 10- 27","33.35","32.04","33.77","31.85","","2.74%"
"2020- 10- 26","32.46","29.38","33.68","29.22","","17.82%"
"2020- 10- 23","27.55","28.47","28.67","27.26","","-1.99%"
"2020- 10- 22","28.11","30.10","30.12","27.68","","-1.88%"
"2020- 10- 21","28.65","29.12","30.55","28.37","","-2.39%"
"2020- 10- 20","29.35","28.81","29.60","28.29","","0.58%"
"2020- 10- 19","29.18","27.36","29.69","27.04","","6.46%"
"2020- 10- 16","27.41","27.16","27.46","26.19","","1.63%"
"2020- 10- 15","26.97","27.10","29.06","26.82","","2.16%"
"2020- 10- 14","26.40","25.72","27.23","25.53","","1.27%"
"2020- 10- 13","26.07","25.67","26.93","25.16","","3.99%"
"2020- 10- 12","25.07","25.65","25.65","24.14","","0.28%"
"2020- 10- 09","25.00","26.20","26.22","24.03","","-5.16%"
"2020- 10- 08","26.36","27.65","27.99","24.88","","-6.06%"
"2020- 10- 07","28.06","29.26","29.76","27.94","","-4.82%"
"2020- 10- 06","29.48","28.05","30.00","26.01","","5.44%"
"2020- 10- 05","27.96","29.52","29.69","27.27","","1.19%"
"2020- 10- 02","27.63","28.87","29.90","26.93","","3.48%"
"2020- 10- 01","26.70","25.78","27.11","25.33","","1.25%"
"2020- 09- 30","26.37","26.69","27.12","25.06","","0.38%"
"2020- 09- 29","26.27","26.81","27.43","25.98","","0.31%"
"2020- 09- 28","26.19","27.15","27.19","24.90","","-0.72%"
"2020- 09- 25","26.38","28.17","30.43","26.02","","-7.47%"
"2020- 09- 24","28.51","29.54","30.49","27.94","","-0.24%"
"2020- 09- 23","28.58","27.02","29.73","25.19","","6.40%"
"2020- 09- 22","26.86","28.61","28.78","26.48","","-3.31%"
"2020- 09- 21","27.78","28.04","31.18","27.39","","7.55%"
"2020- 09- 18","25.83","26.65","28.10","25.28","","-2.38%"
"2020- 09- 17","26.46","28.22","28.92","26.26","","1.61%"
"2020- 09- 16","26.04","25.31","26.59","24.84","","1.76%"
"2020- 09- 15","25.59","25.92","26.00","24.92","","-1.01%"
"2020- 09- 14","25.85","25.86","26.79","25.38","","-3.80%"
"2020- 09- 11","26.87","28.63","29.73","26.51","","-9.56%"
"2020- 09- 10","29.71","28.67","30.56","27.59","","3.12%"
"2020- 09- 09","28.81","31.68","31.78","28.12","","-8.42%"
"2020- 09- 08","31.46","30.61","35.93","30.52","","2.31%"
"2020- 09- 04","30.75","34.62","38.28","29.50","","-8.48%"
"2020- 09- 03","33.60","26.28","35.94","25.66","","26.46%"
"2020- 09- 02","26.57","26.01","27.07","25.53","","1.72%"
"2020- 09- 01","26.12","25.86","26.59","25.02","","-1.10%"
"2020- 08- 31","26.41","23.91","26.50","21.77","","15.03%"
"2020- 08- 28","22.96","24.59","26.30","22.64","","-6.17%"
"2020- 08- 27","24.47","23.42","27.09","21.44","","5.16%"
"2020- 08- 26","23.27","22.14","23.27","20.92","","5.63%"
"2020- 08- 25","22.03","22.16","23.43","21.53","","-1.52%"
"2020- 08- 24","22.37","22.87","23.18","21.25","","-0.75%"
"2020- 08- 21","22.54","22.58","24.47","22.06","","-0.79%"
"2020- 08- 20","22.72","24.10","24.60","22.37","","0.80%"
"2020- 08- 19","22.54","21.60","22.98","20.99","","4.79%"
"2020- 08- 18","21.51","21.69","22.55","21.18","","0.75%"
"2020- 08- 17","21.35","22.52","22.82","21.34","","-3.17%"
"2020- 08- 14","22.05","22.27","23.55","21.79","","-0.36%"
"2020- 08- 13","22.13","22.20","22.92","21.45","","-0.67%"
"2020- 08- 12","22.28","22.82","22.88","21.54","","-7.28%"
"2020- 08- 11","24.03","21.85","24.93","20.28","","8.59%"
"2020- 08- 10","22.13","22.88","23.52","21.46","","-0.36%"
"2020- 08- 07","22.21","23.45","24.02","22.02","","-1.94%"
"2020- 08- 06","22.65","23.03","24.11","20.97","","-1.48%"
"2020- 08- 05","22.99","23.44","23.61","22.86","","-3.24%"
"2020- 08- 04","23.76","24.01","24.76","22.92","","-2.14%"
"2020- 08- 03","24.28","25.75","26.01","22.17","","-0.74%"
"2020- 07- 31","24.46","24.79","26.41","23.55","","-1.21%"
"2020- 07- 30","24.76","25.04","28.29","24.64","","2.74%"
"2020- 07- 29","24.10","25.16","25.42","23.73","","-5.27%"
"2020- 07- 28","25.44","24.86","25.85","24.05","","2.83%"
"2020- 07- 27","24.74","26.60","26.94","24.55","","-4.26%"
"2020- 07- 24","25.84","27.96","28.58","25.53","","-0.92%"
"2020- 07- 23","26.08","23.97","26.95","23.60","","7.24%"
"2020- 07- 22","24.32","24.56","26.26","24.13","","-2.09%"
"2020- 07- 21","24.84","24.08","25.65","23.61","","1.55%"
"2020- 07- 20","24.46","26.94","27.08","24.35","","-4.75%"
"2020- 07- 17","25.68","27.15","27.54","25.41","","-8.29%"
"2020- 07- 16","28.00","28.41","29.29","26.98","","0.86%"
"2020- 07- 15","27.76","29.15","30.09","27.17","","-5.96%"
"2020- 07- 14","29.52","31.14","33.67","29.21","","-8.29%"
"2020- 07- 13","32.19","27.85","32.45","26.87","","17.96%"
"2020- 07- 10","27.29","30.86","30.91","27.13","","-6.73%"
"2020- 07- 09","29.26","28.18","31.48","26.11","","4.20%"
"2020- 07- 08","28.08","28.95","30.20","27.24","","-4.59%"
"2020- 07- 07","29.43","28.77","29.63","27.25","","5.33%"
"2020- 07- 06","27.94","27.76","28.33","24.92","","0.94%"
"2020- 07- 03","27.68","27.68","27.68","27.68","","0.00%"
"2020- 07- 02","27.68","28.33","28.44","25.90","","-3.28%"
"2020- 07- 01","28.62","30.96","31.76","28.20","","-5.95%"
"2020- 06- 30","30.43","32.54","32.94","29.56","","-4.25%"
"2020- 06- 29","31.78","35.05","36.31","31.78","","-8.49%"
"2020- 06- 26","34.73","33.01","36.25","31.04","","7.79%"
"2020- 06- 25","32.22","36.59","36.93","31.59","","-4.79%"
"2020- 06- 24","33.84","31.05","37.12","30.95","","7.87%"
"2020- 06- 23","31.37","31.71","31.71","29.26","","-1.26%"
"2020- 06- 22","31.77","35.22","35.39","31.64","","-9.54%"
"2020- 06- 19","35.12","32.07","35.12","30.40","","6.62%"
"2020- 06- 18","32.94","33.83","36.25","32.24","","-1.58%"
"2020- 06- 17","33.47","33.28","35.17","32.25","","-0.59%"
"2020- 06- 16","33.67","34.28","37.45","31.73","","-2.12%"
"2020- 06- 15","34.40","44.09","44.44","34.28","","-4.68%"
"2020- 06- 12","36.09","37.68","44.16","34.97","","-11.52%"
"2020- 06- 11","40.79","30.45","42.58","29.49","","47.95%"
"2020- 06- 10","27.57","26.73","29.01","26.06","","0.00%"
"2020- 06- 09","27.57","25.93","27.70","25.71","","6.82%"
"2020- 06- 08","25.81","25.56","25.98","24.65","","5.26%"
"2020- 06- 05","24.52","24.79","25.09","23.54","","-5.00%"
"2020- 06- 04","25.81","26.23","26.43","24.38","","0.58%"
"2020- 06- 03","25.66","26.75","26.98","25.04","","-4.40%"
"2020- 06- 02","26.84","28.40","28.52","26.66","","-4.92%"
"2020- 06- 01","28.23","28.94","30.60","28.11","","2.62%"
"2020- 05- 29","27.51","29.30","30.16","27.29","","-3.78%"
"2020- 05- 28","28.59","27.82","29.89","27.43","","3.51%"
"2020- 05- 27","27.62","27.62","30.53","25.92","","-1.39%"
"2020- 05- 26","28.01","27.72","28.58","27.18","","-0.53%"
"2020- 05- 22","28.16","31.36","31.55","28.03","","-4.64%"
"2020- 05- 21","29.53","28.97","30.20","27.67","","5.50%"
"2020- 05- 20","27.99","29.52","29.83","27.83","","-8.32%"
"2020- 05- 19","30.53","28.73","30.74","28.37","","4.20%"
"2020- 05- 18","29.30","30.71","31.08","28.35","","-8.12%"
"2020- 05- 15","31.89","32.50","35.13","31.04","","-2.21%"
"2020- 05- 14","32.61","35.16","39.28","32.33","","-7.57%"
"2020- 05- 13","35.28","32.74","37.42","30.77","","6.78%"
"2020- 05- 12","33.04","28.47","33.04","26.00","","19.84%"
"2020- 05- 11","27.57","28.46","31.46","26.97","","-1.47%"
"2020- 05- 08","27.98","30.14","30.39","27.89","","-11.01%"
"2020- 05- 07","31.44","32.12","32.28","30.37","","-7.85%"
"2020- 05- 06","34.12","32.69","35.69","31.68","","1.52%"
"2020- 05- 05","33.61","34.82","36.22","31.95","","-6.56%"
"2020- 05- 04","35.97","39.13","40.32","35.53","","-3.28%"
"2020- 05- 01","37.19","38.17","39.57","36.59","","8.90%"
"2020- 04- 30","34.15","30.99","35.94","30.93","","9.35%"
"2020- 04- 29","31.23","32.48","33.19","30.71","","-6.97%"
"2020- 04- 28","33.57","33.21","35.39","30.54","","0.84%"
"2020- 04- 27","33.29","36.29","36.44","32.51","","-7.35%"
"2020- 04- 24","35.93","41.91","42.08","35.60","","-13.17%"
"2020- 04- 23","41.38","41.30","42.47","39.06","","-1.43%"
"2020- 04- 22","41.98","44.91","45.07","41.41","","-7.55%"
"2020- 04- 21","45.41","44.28","47.77","43.77","","3.60%"
"2020- 04- 20","43.83","40.68","43.83","39.88","","14.89%"
"2020- 04- 17","38.15","39.50","40.26","37.63","","-4.89%"
"2020- 04- 16","40.11","41.92","43.02","39.87","","-1.79%"
"2020- 04- 15","40.84","39.40","43.23","39.34","","8.16%"
"2020- 04- 14","37.76","40.24","40.57","37.31","","-8.28%"
"2020- 04- 13","41.17","44.60","45.04","41.17","","-1.20%"
"2020- 04- 09","41.67","43.00","45.73","41.39","","-3.88%"
"2020- 04- 08","43.35","45.90","47.28","42.53","","-7.17%"
"2020- 04- 07","46.70","44.83","47.51","43.51","","3.23%"
"2020- 04- 06","45.24","44.17","45.73","43.45","","-3.33%"
"2020- 04- 03","46.80","51.11","52.29","46.74","","-8.07%"
"2020- 04- 02","50.91","54.46","57.24","50.45","","-10.78%"
"2020- 04- 01","57.06","57.38","60.59","52.76","","6.57%"
"2020- 03- 31","53.54","56.69","58.75","50.88","","-6.20%"
"2020- 03- 30","57.08","66.30","67.69","56.60","","-12.91%"
"2020- 03- 27","65.54","64.95","69.10","61.80","","7.44%"
"2020- 03- 26","61.00","65.67","67.06","57.66","","-4.61%"
"2020- 03- 25","63.95","61.44","68.86","58.03","","3.70%"
"2020- 03- 24","61.67","58.76","61.88","36.24","","0.13%"
"2020- 03- 23","61.59","74.08","76.74","60.46","","-6.74%"
"2020- 03- 20","66.04","67.86","69.51","57.42","","-8.28%"
"2020- 03- 19","72.00","80.62","84.26","68.57","","-5.82%"
"2020- 03- 18","76.45","69.37","85.47","69.37","","0.71%"
"2020- 03- 17","75.91","82.69","84.83","70.37","","-8.20%"
"2020- 03- 16","82.69","57.83","83.56","57.83","","42.99%"
"2020- 03- 13","57.83","71.31","77.57","55.17","","-23.37%"
"2020- 03- 12","75.47","61.46","76.83","59.91","","40.02%"
"2020- 03- 11","53.90","52.24","55.82","49.98","","13.95%"
"2020- 03- 10","47.30","49.68","55.66","43.56","","-13.15%"
"2020- 03- 09","54.46","41.94","62.12","41.94","","29.85%"
"2020- 03- 06","41.94","41.46","54.39","40.84","","5.86%"
"2020- 03- 05","39.62","33.61","42.84","33.54","","23.85%"
"2020- 03- 04","31.99","34.44","35.58","30.30","","-13.12%"
"2020- 03- 03","36.82","33.64","41.06","24.93","","10.17%"
"2020- 03- 02","33.42","34.86","43.77","31.50","","-16.68%"
"2020- 02- 28","40.11","42.02","49.48","39.37","","2.43%"
"2020- 02- 27","39.16","28.95","39.31","27.79","","42.09%"
"2020- 02- 26","27.56","26.63","29.57","24.76","","-1.04%"
"2020- 02- 25","27.85","22.19","30.25","22.19","","11.27%"
"2020- 02- 24","25.03","22.25","26.35","22.00","","46.55%"
"2020- 02- 21","17.08","17.33","18.21","16.19","","9.77%"
"2020- 02- 20","15.56","14.54","17.21","14.49","","8.21%"
"2020- 02- 19","14.38","14.66","14.74","14.21","","-3.03%"
"2020- 02- 18","14.83","14.98","15.49","14.53","","8.41%"
"2020- 02- 14","13.68","14.12","14.54","13.38","","-3.32%"
"2020- 02- 13","14.15","14.43","15.44","14.00","","2.98%"
"2020- 02- 12","13.74","14.86","14.88","13.73","","-9.49%"
"2020- 02- 11","15.18","14.91","15.27","14.38","","0.93%"
"2020- 02- 10","15.04","15.88","16.43","15.01","","-2.78%"
"2020- 02- 07","15.47","15.07","16.16","14.81","","3.41%"
"2020- 02- 06","14.96","15.13","15.66","14.70","","-1.25%"
"2020- 02- 05","15.15","16.29","16.32","15.02","","-5.61%"
"2020- 02- 04","16.05","16.45","16.46","15.63","","-10.68%"
"2020- 02- 03","17.97","18.64","18.88","17.10","","-4.62%"
"2020- 01- 31","18.84","16.25","19.99","16.18","","21.63%"
"2020- 01- 30","15.49","17.82","18.39","15.30","","-5.49%"
"2020- 01- 29","16.39","15.68","16.65","14.94","","0.68%"
"2020- 01- 28","16.28","16.94","18.03","15.69","","-10.70%"
"2020- 01- 27","18.23","17.42","19.02","16.82","","25.21%"
"2020- 01- 24","14.56","12.75","15.98","12.62","","12.17%"
"2020- 01- 23","12.98","13.26","14.15","12.94","","0.54%"
"2020- 01- 22","12.91","12.45","13.01","12.31","","0.47%"
"2020- 01- 21","12.85","13.23","13.33","12.32","","6.20%"
"2020- 01- 17","12.10","12.21","12.48","11.75","","-1.79%"
"2020- 01- 16","12.32","12.20","12.42","11.78","","-0.81%"
"2020- 01- 15","12.42","12.79","12.83","11.95","","0.24%"
"2020- 01- 14","12.39","12.72","13.82","12.05","","0.57%"
"2020- 01- 13","12.32","12.84","13.09","12.32","","-1.91%"
"2020- 01- 10","12.56","12.42","12.87","12.09","","0.16%"
"2020- 01- 09","12.54","12.95","13.24","12.53","","-6.77%"
"2020- 01- 08","13.45","15.16","15.24","12.83","","-2.47%"
"2020- 01- 07","13.79","13.84","14.46","13.39","","-0.43%"
"2020- 01- 06","13.85","15.45","16.39","13.54","","-1.21%"
"2020- 01- 03","14.02","15.01","16.20","13.13","","12.43%"
"2020- 01- 02","12.47","13.46","13.72","12.42","","-9.51%"
"2019- 12- 31","13.78","14.84","15.39","13.75","","-7.02%"
"2019- 12- 30","14.82","13.74","15.14","13.44","","10.35%"
"2019- 12- 27","13.43","12.61","13.72","11.89","","6.17%"
"2019- 12- 26","12.65","12.74","12.75","11.72","","-0.16%"
"2019- 12- 24","12.67","12.65","12.84","12.56","","0.48%"
"2019- 12- 23","12.61","12.81","12.90","12.41","","0.80%"
"2019- 12- 20","12.51","12.55","12.61","12.04","","0.08%"
"2019- 12- 19","12.50","12.55","12.78","12.43","","-0.64%"
"2019- 12- 18","12.58","12.24","12.70","11.93","","2.36%"
"2019- 12- 17","12.29","12.23","12.47","11.90","","1.24%"
"2019- 12- 16","12.14","12.47","12.53","11.71","","-3.88%"
"2019- 12- 13","12.63","13.18","14.35","12.54","","-9.40%"
"2019- 12- 12","13.94","14.94","15.55","13.60","","-7.00%"
"2019- 12- 11","14.99","15.57","15.97","14.98","","-4.40%"
"2019- 12- 10","15.68","15.80","16.90","14.93","","-1.13%"
"2019- 12- 09","15.86","14.25","16.07","12.25","","16.45%"
"2019- 12- 06","13.62","14.37","14.47","13.19","","-6.20%"
"2019- 12- 05","14.52","14.46","15.37","14.17","","-1.89%"
"2019- 12- 04","14.80","16.38","16.40","14.12","","-7.27%"
"2019- 12- 03","15.96","14.68","17.99","14.61","","7.04%"
"2019- 12- 02","14.91","12.69","15.27","12.55","","18.15%"
"2019- 11- 29","12.62","12.50","12.83","12.12","","7.40%"
"2019- 11- 27","11.75","11.55","11.79","11.44","","1.82%"
"2019- 11- 26","11.54","11.88","12.04","11.42","","-2.78%"
"2019- 11- 25","11.87","12.51","12.59","11.73","","-3.81%"
"2019- 11- 22","12.34","12.82","13.25","12.33","","-6.02%"
"2019- 11- 21","13.13","13.35","13.86","12.49","","2.74%"
"2019- 11- 20","12.78","13.42","14.17","12.61","","-0.62%"
"2019- 11- 19","12.86","12.33","13.01","12.16","","3.21%"
"2019- 11- 18","12.46","12.39","13.10","12.32","","3.40%"
"2019- 11- 15","12.05","12.95","12.97","11.92","","-7.66%"
"2019- 11- 14","13.05","13.16","13.81","12.93","","0.38%"
"2019- 11- 13","13.00","12.91","13.90","12.88","","2.52%"
"2019- 11- 12","12.68","12.64","13.10","12.36","","-0.08%"
"2019- 11- 11","12.69","13.15","13.49","12.66","","5.14%"
"2019- 11- 08","12.07","12.98","13.05","12.00","","-5.18%"
"2019- 11- 07","12.73","12.59","12.89","12.26","","0.87%"
"2019- 11- 06","12.62","13.18","13.39","12.60","","-3.66%"
"2019- 11- 05","13.10","12.85","13.28","12.25","","2.10%"
"2019- 11- 04","12.83","12.68","13.13","12.44","","4.31%"
"2019- 11- 01","12.30","12.99","13.12","12.25","","-6.96%"
"2019- 10- 31","13.22","12.21","13.95","12.19","","7.22%"
"2019- 10- 30","12.33","13.23","13.77","12.27","","-6.59%"
"2019- 10- 29","13.20","13.16","13.52","13.07","","0.69%"
"2019- 10- 28","13.11","13.01","13.14","12.66","","3.64%"
"2019- 10- 25","12.65","13.53","13.79","12.62","","-7.73%"
"2019- 10- 24","13.71","13.98","14.34","13.40","","-2.14%"
"2019- 10- 23","14.01","14.83","15.12","14.01","","-3.11%"
"2019- 10- 22","14.46","13.99","14.61","13.70","","3.29%"
"2019- 10- 21","14.00","14.24","14.63","14.00","","-1.75%"
"2019- 10- 18","14.25","14.20","15.16","13.78","","3.34%"
"2019- 10- 17","13.79","13.79","14.18","13.31","","0.80%"
"2019- 10- 16","13.68","13.94","14.26","13.60","","1.03%"
"2019- 10- 15","13.54","13.94","14.43","13.39","","-7.07%"
"2019- 10- 14","14.57","15.66","16.50","14.51","","-6.48%"
"2019- 10- 11","15.58","17.35","17.44","15.11","","-11.33%"
"2019- 10- 10","17.57","19.28","19.80","17.56","","-5.74%"
"2019- 10- 09","18.64","19.94","20.00","17.77","","-8.09%"
"2019- 10- 08","20.28","17.61","20.38","17.42","","13.55%"
"2019- 10- 07","17.86","18.27","18.52","16.44","","4.81%"
"2019- 10- 04","17.04","19.42","19.97","16.97","","-10.88%"
"2019- 10- 03","19.12","20.11","21.44","19.03","","-7.00%"
"2019- 10- 02","20.56","18.75","21.46","18.75","","10.78%"
"2019- 10- 01","18.56","16.02","18.62","15.79","","14.29%"
"2019- 09- 30","16.24","17.23","17.35","16.20","","-5.69%"
"2019- 09- 27","17.22","15.77","18.69","15.15","","7.16%"
"2019- 09- 26","16.07","16.23","17.09","15.35","","0.69%"
"2019- 09- 25","15.96","17.05","18.45","15.69","","-6.39%"
"2019- 09- 24","17.05","14.77","17.62","14.33","","14.35%"
"2019- 09- 23","14.91","15.35","16.00","14.71","","-2.68%"
"2019- 09- 20","15.32","13.94","15.84","13.35","","9.04%"
"2019- 09- 19","14.05","14.66","14.66","13.31","","0.72%"
"2019- 09- 18","13.95","14.61","15.80","13.80","","-3.39%"
"2019- 09- 17","14.44","14.92","15.03","14.40","","-1.57%"
"2019- 09- 16","14.67","14.89","15.29","14.50","","6.77%"
"2019- 09- 13","13.74","14.16","14.31","13.51","","-3.38%"
"2019- 09- 12","14.22","14.69","14.94","13.85","","-2.67%"
"2019- 09- 11","14.61","15.33","15.52","14.55","","-3.88%"
"2019- 09- 10","15.20","15.53","16.52","15.11","","-0.46%"
"2019- 09- 09","15.27","15.26","16.13","14.95","","1.80%"
"2019- 09- 06","15.00","15.92","16.06","14.91","","-7.81%"
"2019- 09- 05","16.27","16.92","17.05","15.45","","-6.12%"
"2019- 09- 04","17.33","18.23","18.83","17.26","","-11.85%"
"2019- 09- 03","19.66","20.96","21.15","19.41","","3.58%"
"2019- 08- 30","18.98","17.94","19.18","17.09","","6.15%"
"2019- 08- 29","17.88","19.02","19.20","17.60","","-7.60%"
"2019- 08- 28","19.35","20.55","21.64","19.10","","-4.73%"
"2019- 08- 27","20.31","20.18","21.04","18.49","","5.12%"
"2019- 08- 26","19.32","20.34","21.33","19.06","","-2.77%"
"2019- 08- 23","19.87","16.15","21.07","16.04","","19.12%"
"2019- 08- 22","16.68","16.12","17.68","15.63","","5.57%"
"2019- 08- 21","15.80","17.01","17.04","15.51","","-9.71%"
"2019- 08- 20","17.50","16.78","17.70","16.45","","3.67%"
"2019- 08- 19","16.88","17.93","18.22","16.52","","-8.61%"
"2019- 08- 16","18.47","20.48","20.50","18.41","","-12.80%"
"2019- 08- 15","21.18","21.58","24.10","20.78","","-4.16%"
"2019- 08- 14","22.10","17.81","22.71","17.75","","26.14%"
"2019- 08- 13","17.52","21.28","21.64","17.52","","-16.93%"
"2019- 08- 12","21.09","17.87","21.26","17.77","","17.36%"
"2019- 08- 09","17.97","18.14","19.44","17.31","","6.27%"
"2019- 08- 08","16.91","19.36","19.89","16.82","","-13.24%"
"2019- 08- 07","19.49","20.70","23.67","18.94","","-3.37%"
"2019- 08- 06","20.17","22.29","22.87","19.77","","-17.97%"
"2019- 08- 05","24.59","19.96","24.81","19.91","","39.64%"
"2019- 08- 02","17.61","17.69","20.11","17.04","","-1.45%"
"2019- 08- 01","17.87","15.41","19.46","13.73","","10.86%"
"2019- 07- 31","16.12","13.83","16.55","13.46","","15.64%"
"2019- 07- 30","13.94","12.87","14.18","12.87","","8.65%"
"2019- 07- 29","12.83","12.15","13.17","12.15","","5.51%"
"2019- 07- 26","12.16","12.58","12.72","12.01","","-4.55%"
"2019- 07- 25","12.74","12.24","13.54","11.69","","5.55%"
"2019- 07- 24","12.07","12.80","13.10","11.98","","-4.28%"
"2019- 07- 23","12.61","13.42","13.52","12.55","","-6.80%"
"2019- 07- 22","13.53","14.55","14.70","13.42","","-6.37%"
"2019- 07- 19","14.45","13.31","14.45","13.09","","6.80%"
"2019- 07- 18","13.53","14.45","14.50","13.19","","-3.15%"
"2019- 07- 17","13.97","12.62","13.97","12.24","","8.63%"
"2019- 07- 16","12.86","12.61","13.14","12.28","","1.42%"
"2019- 07- 15","12.68","12.58","13.02","12.49","","2.34%"
"2019- 07- 12","12.39","12.76","12.82","12.28","","-4.18%"
"2019- 07- 11","12.93","13.01","13.33","12.39","","-0.77%"
"2019- 07- 10","13.03","14.38","14.69","12.98","","-7.52%"
"2019- 07- 09","14.09","14.47","14.71","13.99","","0.93%"
"2019- 07- 08","13.96","13.73","14.44","13.64","","5.12%"
"2019- 07- 05","13.28","13.00","14.47","12.04","","5.65%"
"2019- 07- 03","12.57","13.18","13.19","12.56","","-2.78%"
"2019- 07- 02","12.93","14.16","14.30","12.90","","-8.04%"
"2019- 07- 01","14.06","13.85","14.64","13.80","","-6.76%"
"2019- 06- 28","15.08","15.70","16.13","15.08","","-4.68%"
"2019- 06- 27","15.82","15.66","16.40","15.66","","-2.41%"
"2019- 06- 26","16.21","16.10","16.60","15.47","","-0.43%"
"2019- 06- 25","16.28","15.43","16.68","15.10","","6.68%"
"2019- 06- 24","15.26","15.46","15.56","15.23","","-0.91%"
"2019- 06- 21","15.40","14.74","15.48","14.42","","4.41%"
"2019- 06- 20","14.75","14.04","16.03","13.19","","2.93%"
"2019- 06- 19","14.33","15.05","15.71","14.15","","-5.41%"
"2019- 06- 18","15.15","14.89","15.54","14.62","","-1.30%"
"2019- 06- 17","15.35","15.65","15.76","15.24","","0.46%"
"2019- 06- 14","15.28","16.00","16.40","15.21","","-3.41%"
"2019- 06- 13","15.82","16.16","16.21","15.61","","-0.57%"
"2019- 06- 12","15.91","16.26","16.43","15.78","","-0.50%"
"2019- 06- 11","15.99","15.84","16.70","15.50","","0.31%"
"2019- 06- 10","15.94","16.30","16.47","15.84","","-2.21%"
"2019- 06- 07","16.30","15.65","16.44","15.33","","2.32%"
"2019- 06- 06","15.93","16.25","16.54","15.36","","-0.99%"
"2019- 06- 05","16.09","17.06","17.49","16.04","","-5.19%"
"2019- 06- 04","16.97","18.74","18.74","16.97","","-10.02%"
"2019- 06- 03","18.86","19.41","19.75","18.16","","0.80%"
"2019- 05- 31","18.71","19.05","19.72","18.01","","8.15%"
"2019- 05- 30","17.30","17.47","18.11","16.72","","-3.35%"
"2019- 05- 29","17.90","18.55","19.04","17.62","","2.29%"
"2019- 05- 28","17.50","16.55","17.70","15.90","","10.41%"
"2019- 05- 24","15.85","16.34","16.52","15.52","","-6.32%"
"2019- 05- 23","16.92","15.93","18.05","15.28","","14.71%"
"2019- 05- 22","14.75","15.06","15.44","14.42","","-1.34%"
"2019- 05- 21","14.95","15.86","16.22","14.79","","-8.34%"
"2019- 05- 20","16.31","15.88","17.63","15.46","","2.19%"
"2019- 05- 17","15.96","15.89","16.81","14.86","","4.38%"
"2019- 05- 16","15.29","16.69","17.13","15.16","","-7.00%"
"2019- 05- 15","16.44","17.57","19.15","16.41","","-8.97%"
"2019- 05- 14","18.06","19.40","19.65","17.45","","-12.12%"
"2019- 05- 13","20.55","18.62","21.32","18.35","","28.12%"
"2019- 05- 10","16.04","18.79","20.19","15.57","","-16.02%"
"2019- 05- 09","19.10","21.40","23.38","18.87","","-1.55%"
"2019- 05- 08","19.40","18.95","21.74","18.29","","0.41%"
"2019- 05- 07","19.32","15.90","21.84","15.80","","25.13%"
"2019- 05- 06","15.44","12.89","18.80","12.89","","19.97%"
"2019- 05- 03","12.87","14.11","14.15","12.80","","-10.75%"
"2019- 05- 02","14.42","14.35","15.92","13.80","","-2.57%"
"2019- 05- 01","14.80","12.86","14.83","12.74","","12.80%"
"2019- 04- 30","13.12","13.11","14.05","12.88","","0.08%"
"2019- 04- 29","13.11","13.04","13.27","12.65","","2.99%"
"2019- 04- 26","12.73","13.44","13.62","12.49","","-3.92%"
"2019- 04- 25","13.25","13.29","14.30","12.81","","0.84%"
"2019- 04- 24","13.14","12.53","13.23","12.26","","7.00%"
"2019- 04- 23","12.28","12.66","12.69","12.08","","-1.13%"
"2019- 04- 22","12.42","13.21","13.36","12.38","","2.73%"
"2019- 04- 19","12.09","12.09","12.09","12.09","","0.00%"
"2019- 04- 18","12.09","12.80","13.12","12.02","","-4.05%"
"2019- 04- 17","12.60","12.12","13.02","11.03","","3.45%"
"2019- 04- 16","12.18","12.26","12.47","11.85","","-1.14%"
"2019- 04- 15","12.32","12.46","13.14","12.24","","2.58%"
"2019- 04- 12","12.01","12.96","12.96","11.95","","-7.76%"
"2019- 04- 11","13.02","13.37","13.58","12.91","","-2.11%"
"2019- 04- 10","13.30","14.09","14.29","13.27","","-6.86%"
"2019- 04- 09","14.28","13.46","14.39","13.31","","8.35%"
"2019- 04- 08","13.18","13.55","13.77","13.10","","2.81%"
"2019- 04- 05","12.82","13.46","13.47","12.17","","-5.60%"
"2019- 04- 04","13.58","13.84","14.03","13.40","","-1.16%"
"2019- 04- 03","13.74","13.06","14.27","12.85","","2.84%"
"2019- 04- 02","13.36","13.62","13.68","13.13","","-0.30%"
"2019- 04- 01","13.40","13.90","14.01","13.32","","-2.26%"
"2019- 03- 29","13.71","14.19","14.43","13.64","","-4.99%"
"2019- 03- 28","14.43","15.38","15.62","14.41","","-4.75%"
"2019- 03- 27","15.15","14.52","16.71","14.51","","3.20%"
"2019- 03- 26","14.68","16.22","16.30","14.67","","-10.10%"
"2019- 03- 25","16.33","17.76","17.85","16.26","","-0.91%"
"2019- 03- 22","16.48","13.77","17.52","13.62","","20.91%"
"2019- 03- 21","13.63","14.11","14.56","13.26","","-2.01%"
"2019- 03- 20","13.91","13.54","14.30","13.05","","2.58%"
"2019- 03- 19","13.56","12.89","13.77","12.37","","3.51%"
"2019- 03- 18","13.10","13.13","13.80","13.00","","1.71%"
"2019- 03- 15","12.88","13.21","13.28","12.50","","-4.59%"
"2019- 03- 14","13.50","13.35","13.84","13.16","","0.67%"
"2019- 03- 13","13.41","14.00","14.05","13.25","","-2.61%"
"2019- 03- 12","13.77","13.97","14.70","13.61","","-3.91%"
"2019- 03- 11","14.33","16.28","16.43","14.33","","-10.72%"
"2019- 03- 08","16.05","17.38","18.33","16.02","","-3.25%"
"2019- 03- 07","16.59","16.33","17.81","15.54","","5.40%"
"2019- 03- 06","15.74","14.91","16.11","14.74","","6.78%"
"2019- 03- 05","14.74","14.52","15.39","14.26","","0.75%"
"2019- 03- 04","14.63","13.77","16.98","13.38","","7.81%"
"2019- 03- 01","13.57","14.57","14.84","13.41","","-8.19%"
"2019- 02- 28","14.78","15.17","15.24","14.39","","0.54%"
"2019- 02- 27","14.70","15.53","16.17","14.70","","-3.10%"
"2019- 02- 26","15.17","15.16","15.28","14.52","","2.15%"
"2019- 02- 25","14.85","13.91","14.90","13.44","","9.92%"
"2019- 02- 22","13.51","14.46","14.47","13.51","","-6.57%"
"2019- 02- 21","14.46","14.00","15.17","13.85","","3.14%"
"2019- 02- 20","14.02","14.92","15.19","13.99","","-5.78%"
"2019- 02- 19","14.88","15.65","16.16","14.64","","-0.20%"
"2019- 02- 15","14.91","16.82","16.82","14.79","","-8.08%"
"2019- 02- 14","16.22","15.61","17.27","15.30","","3.64%"
"2019- 02- 13","15.65","15.46","15.91","15.00","","1.43%"
"2019- 02- 12","15.43","15.23","15.65","14.95","","-3.38%"
"2019- 02- 11","15.97","16.17","16.50","15.34","","1.59%"
"2019- 02- 08","15.72","16.81","17.63","15.62","","-3.97%"
"2019- 02- 07","16.37","15.66","17.89","15.51","","6.44%"
"2019- 02- 06","15.38","15.44","15.87","15.09","","-1.22%"
"2019- 02- 05","15.57","15.79","15.94","15.04","","-1.02%"
"2019- 02- 04","15.73","16.72","16.73","15.60","","-2.54%"
"2019- 02- 01","16.14","16.63","16.83","16.08","","-2.60%"
"2019- 01- 31","16.57","17.39","17.72","16.54","","-6.17%"
"2019- 01- 30","17.66","19.15","19.31","17.54","","-7.68%"
"2019- 01- 29","19.13","19.45","19.93","18.42","","1.38%"
"2019- 01- 28","18.87","18.56","20.42","18.42","","8.32%"
"2019- 01- 25","17.42","18.43","18.46","17.31","","-7.78%"
"2019- 01- 24","18.89","19.69","20.25","18.63","","-3.23%"
"2019- 01- 23","19.52","20.85","22.02","19.47","","-6.15%"
"2019- 01- 22","20.80","18.53","21.15","18.20","","16.85%"
"2019- 01- 18","17.80","17.80","18.18","17.17","","-1.44%"
"2019- 01- 17","18.06","19.51","19.72","17.85","","-5.15%"
"2019- 01- 16","19.04","18.08","19.04","17.76","","2.37%"
"2019- 01- 15","18.60","18.53","19.20","17.98","","-2.46%"
"2019- 01- 14","19.07","19.84","20.27","18.70","","4.84%"
"2019- 01- 11","18.19","19.68","20.16","18.12","","-6.72%"
"2019- 01- 10","19.50","20.98","21.32","19.29","","-2.40%"
"2019- 01- 09","19.98","20.44","22.80","19.48","","-2.39%"
"2019- 01- 08","20.47","20.96","22.03","20.09","","-4.35%"
"2019- 01- 07","21.40","22.06","22.71","20.91","","0.09%"
"2019- 01- 04","21.38","24.36","24.48","21.19","","-15.99%"
"2019- 01- 03","25.45","25.68","26.60","24.05","","9.60%"
"2019- 01- 02","23.22","27.54","28.53","23.05","","-8.65%"